表号,IMEI号,累计流量,瞬时流量,反向流量,启动次数,温度,压力,电池电压,信号值,阀门状态,上报时间
70666000038000,860329065551923,117.4214,0.0,0.51,21180,22.48,0.0,3.626,-85,开,2025-09-05 23:32:59
70666000038000,860329065551923,117.4203,0.0,0.51,21179,22.53,0.0,3.631,-85,开,2025-09-05 23:27:10
70666000038000,860329065551923,117.4193,0.0,0.51,21178,22.84,0.0,3.623,-86,开,2025-09-05 23:22:49
70666000038000,860329065551923,117.4182,0.0,0.51,21177,23.63,0.0,3.628,-87,开,2025-09-05 22:48:47
70666000038000,860329065551923,117.4172,0.0,0.51,21176,22.72,0.0,3.623,-87,开,2025-09-05 21:43:51
70666000038000,860329065551923,117.4161,0.0133,0.51,21175,23.21,0.0,3.628,-88,开,2025-09-05 20:35:44
70666000038000,860329065551923,117.415,0.0186,0.51,21175,23.21,0.0,3.628,-88,开,2025-09-05 20:35:40
70666000038000,860329065551923,117.4139,0.019,0.51,21175,23.21,0.0,3.628,-88,开,2025-09-05 20:35:38
70666000038000,860329065551923,117.4129,0.019,0.51,21175,23.21,0.0,3.628,-88,开,2025-09-05 20:35:36
70666000038000,860329065551923,117.4118,0.0189,0.51,21175,23.21,0.0,3.628,-88,开,2025-09-05 20:35:34
70666000038000,860329065551923,117.4107,0.019,0.51,21175,23.21,0.0,3.628,-88,开,2025-09-05 20:35:32
70666000038000,860329065551923,117.4097,0.0191,0.51,21175,23.21,0.0,3.628,-88,开,2025-09-05 20:35:30
70666000038000,860329065551923,117.4086,0.0193,0.51,21175,23.21,0.0,3.628,-88,开,2025-09-05 20:35:28
70666000038000,860329065551923,117.4075,0.0193,0.51,21175,23.21,0.0,3.628,-88,开,2025-09-05 20:35:26
70666000038000,860329065551923,117.4075,0.0193,0.51,21175,23.21,0.0,3.628,-88,开,2025-09-05 20:35:25
70666000038000,860329065551923,117.3984,0.0,0.51,21174,23.69,0.0,3.616,-89,开,2025-09-05 20:31:09
70666000038000,860329065551923,117.3974,0.0,0.51,21173,23.37,0.0,3.631,-88,开,2025-09-05 17:57:49
70666000038000,860329065551923,117.3965,0.0,0.51,21172,23.93,0.0,3.626,-88,开,2025-09-05 17:44:45
70666000038000,860329065551923,117.3953,0.0,0.51,21171,24.7,0.0,3.628,-89,开,2025-09-05 17:28:36
70666000038000,860329065551923,117.3945,0.0,0.51,21170,25.73,0.0,3.626,-90,开,2025-09-05 17:20:14
70666000038000,860329065551923,117.3941,0.0,0.51,21169,21.91,0.0,3.652,-88,开,2025-09-05 14:16:32
70666000038000,860329065551923,117.3927,0.0,0.51,21168,22.58,0.0,3.626,-87,开,2025-09-05 14:15:28
70666000038000,860329065551923,117.3908,0.0,0.51,21167,21.19,0.0,3.626,-87,开,2025-09-05 12:57:30
70666000038000,860329065551923,117.39,0.0,0.51,21166,21.19,0.0,3.625,-87,开,2025-09-05 12:51:20
70666000038000,860329065551923,117.3887,0.0,0.51,21165,21.16,0.0,3.626,-90,开,2025-09-05 12:42:19
70666000038000,860329065551923,117.3884,0.0,0.51,21164,21.36,0.0,3.626,-90,开,2025-09-05 12:35:24
70666000038000,860329065551923,117.385,0.0,0.51,21163,22.08,0.0,3.627,-89,开,2025-09-05 12:13:34
70666000038000,860329065551923,117.3842,0.0022,0.51,21162,22.09,0.0,3.626,-93,开,2025-09-05 11:21:03
70666000038000,860329065551923,117.3825,0.0,0.51,21161,20.18,0.0,3.628,-91,开,2025-09-05 09:19:14
70666000038000,860329065551923,117.3807,0.0033,0.51,21160,21.15,0.0,3.623,-88,开,2025-09-05 08:59:23
70666000038000,860329065551923,117.3797,0.0038,0.51,21160,21.15,0.0,3.623,-88,开,2025-09-05 08:59:13
70666000038000,860329065551923,117.379,0.0038,0.51,21160,21.15,0.0,3.623,-88,开,2025-09-05 08:59:06
70666000038000,860329065551923,117.3753,0.0031,0.51,21159,21.7,0.0,3.626,-88,开,2025-09-05 08:55:52
70666000038000,860329065551923,117.3742,0.0063,0.51,21159,21.68,0.0,3.626,-88,开,2025-09-05 08:55:46
70666000038000,860329065551923,117.373,0.0068,0.51,21159,21.68,0.0,3.626,-88,开,2025-09-05 08:55:40
70666000038000,860329065551923,117.3719,0.0068,0.51,21159,21.68,0.0,3.626,-88,开,2025-09-05 08:55:34
70666000038000,860329065551923,117.3708,0.0068,0.51,21159,21.68,0.0,3.626,-88,开,2025-09-05 08:55:28
70666000038000,860329065551923,117.3704,0.0068,0.51,21159,21.68,0.0,3.626,-88,开,2025-09-05 08:55:25
70666000038000,860329065551923,117.3663,0.0,0.51,21158,20.9,0.0,3.626,-88,开,2025-09-05 08:11:27
70666000038000,860329065551923,117.3648,0.0,0.51,21157,21.63,0.0,3.628,-89,开,2025-09-05 07:55:46
70666000038000,860329065551923,117.3635,0.004,0.51,21156,20.83,0.0,3.633,-89,开,2025-09-05 07:04:57
70666000038000,860329065551923,117.3628,0.0051,0.51,21156,20.83,0.0,3.633,-89,开,2025-09-05 07:04:50
70666000038000,860329065551923,117.3624,0.0064,0.51,21156,20.83,0.0,3.633,-89,开,2025-09-05 07:04:49
70666000038000,860329065551923,117.3586,0.0,0.51,21155,21.92,0.0,3.626,-87,开,2025-09-05 07:02:30
70666000038000,860329065551923,117.3566,0.0,0.51,21154,22.84,0.0,3.621,-89,开,2025-09-05 06:57:01
70666000038000,860329065551923,117.3546,0.0028,0.51,21153,22.89,0.0,3.627,-89,开,2025-09-05 03:37:10
70666000038000,860329065551923,117.3538,0.0027,0.51,21153,22.89,0.0,3.627,-89,开,2025-09-05 03:37:00
70666000038000,860329065551923,117.3486,0.0,0.51,21152,23.06,0.0,3.62,-89,开,2025-09-05 03:17:54
70666000038000,860329065551923,117.3472,0.0031,0.51,21151,19.97,0.0,3.623,-88,开,2025-09-05 00:46:40
70666000038000,860329065551923,117.3456,0.0113,0.51,21151,19.97,0.0,3.623,-88,开,2025-09-05 00:46:36
70666000038000,860329065551923,117.344,0.0143,0.51,21151,19.97,0.0,3.623,-88,开,2025-09-05 00:46:32
70666000038000,860329065551923,117.3424,0.0144,0.51,21151,19.97,0.0,3.623,-88,开,2025-09-05 00:46:28
70666000038000,860329065551923,117.3408,0.0143,0.51,21151,19.97,0.0,3.623,-88,开,2025-09-05 00:46:24
70666000038000,860329065551923,117.3393,0.0143,0.51,21151,19.97,0.0,3.623,-88,开,2025-09-05 00:46:20
70666000038000,860329065551923,117.3296,0.0144,0.51,21150,19.97,0.0,3.627,-88,开,2025-09-05 00:45:55
70666000038000,860329065551923,117.328,0.0145,0.51,21150,19.97,0.0,3.627,-88,开,2025-09-05 00:45:51
70666000038000,860329065551923,117.3263,0.0147,0.51,21150,19.97,0.0,3.627,-88,开,2025-09-05 00:45:47
70666000038000,860329065551923,117.3247,0.0147,0.51,21150,22.18,0.0,3.627,-88,开,2025-09-05 00:45:43
70666000038000,860329065551923,117.323,0.0146,0.51,21150,22.18,0.0,3.627,-88,开,2025-09-05 00:45:39
70666000038000,860329065551923,117.3214,0.0148,0.51,21150,22.18,0.0,3.627,-88,开,2025-09-05 00:45:35
70666000038000,860329065551923,117.3197,0.0149,0.51,21150,22.18,0.0,3.627,-88,开,2025-09-05 00:45:31
70666000038000,860329065551923,117.3189,0.0148,0.51,21150,22.18,0.0,3.627,-88,开,2025-09-05 00:45:28
70666000038000,860329065551923,117.3181,0.0146,0.51,21150,22.18,0.0,3.627,-88,开,2025-09-05 00:45:27
70666000038000,860329065551923,117.3067,0.0147,0.51,21149,22.18,0.0,3.626,-88,开,2025-09-05 00:45:00
70666000038000,860329065551923,117.305,0.015,0.51,21149,22.18,0.0,3.626,-88,开,2025-09-05 00:44:56
70666000038000,860329065551923,117.3032,0.0153,0.51,21149,22.18,0.0,3.626,-88,开,2025-09-05 00:44:52
70666000038000,860329065551923,117.3015,0.0156,0.51,21149,22.18,0.0,3.626,-88,开,2025-09-05 00:44:48
70666000038000,860329065551923,117.2997,0.0159,0.51,21149,22.51,0.0,3.626,-88,开,2025-09-05 00:44:44
70666000038000,860329065551923,117.298,0.0158,0.51,21149,22.51,0.0,3.626,-88,开,2025-09-05 00:44:40
70666000038000,860329065551923,117.2962,0.0156,0.51,21149,22.51,0.0,3.626,-88,开,2025-09-05 00:44:36
70666000038000,860329065551923,117.2962,0.0156,0.51,21149,22.51,0.0,3.626,-88,开,2025-09-05 00:44:35
70666000038000,860329065551923,117.2868,0.0,0.51,21148,23.24,0.0,3.625,-87,开,2025-09-05 00:26:29
70666000038000,860329065551923,117.2852,0.0088,0.51,21147,23.24,0.0,3.623,-88,开,2025-09-05 00:26:06
70666000038000,860329065551923,117.2836,0.0147,0.51,21147,23.24,0.0,3.623,-88,开,2025-09-05 00:26:02
70666000038000,860329065551923,117.282,0.0147,0.51,21147,23.24,0.0,3.623,-88,开,2025-09-05 00:25:58
70666000038000,860329065551923,117.2804,0.0147,0.51,21147,23.24,0.0,3.623,-88,开,2025-09-05 00:25:54
70666000038000,860329065551923,117.2787,0.0145,0.51,21147,23.24,0.0,3.623,-88,开,2025-09-05 00:25:50
70666000038000,860329065551923,117.2771,0.0144,0.51,21147,23.26,0.0,3.623,-88,开,2025-09-05 00:25:46
70666000038000,860329065551923,117.2756,0.0144,0.51,21147,23.26,0.0,3.623,-88,开,2025-09-05 00:25:42
70666000038000,860329065551923,117.2748,0.0144,0.51,21147,23.26,0.0,3.623,-88,开,2025-09-05 00:25:40
70666000038000,860329065551923,117.2664,0.0,0.51,21146,25.13,0.0,3.627,-88,开,2025-09-04 22:43:18
70666000038000,860329065551923,117.2652,0.0,0.51,21145,24.39,0.0,3.628,-90,开,2025-09-04 20:08:22
70666000038000,860329065551923,117.2628,0.0001,0.51,21144,23.6,0.0,3.628,-87,开,2025-09-04 19:34:32
70666000038000,860329065551923,117.2618,0.0001,0.51,21143,23.71,0.0,3.633,-87,开,2025-09-04 19:29:58
70666000038000,860329065551923,117.2608,0.0001,0.51,21142,23.78,0.0,3.628,-87,开,2025-09-04 19:25:19
70666000038000,860329065551923,117.2598,0.0001,0.51,21141,23.79,0.0,3.631,-88,开,2025-09-04 19:20:55
70666000038000,860329065551923,117.2588,0.0001,0.51,21140,23.75,0.0,3.626,-87,开,2025-09-04 19:16:28
70666000038000,860329065551923,117.2577,0.0001,0.51,21139,23.8,0.0,3.634,-87,开,2025-09-04 19:11:57
70666000038000,860329065551923,117.2568,0.0001,0.51,21138,24.15,0.0,3.63,-88,开,2025-09-04 19:07:15
70666000038000,860329065551923,117.2557,0.0,0.51,21137,20.44,0.0,3.628,-88,开,2025-09-04 18:28:26
70666000038000,860329065551923,117.2557,0.0109,0.51,21136,22.29,0.0,3.626,-88,开,2025-09-04 18:27:37
70666000038000,860329065551923,117.2546,0.0161,0.51,21136,22.29,0.0,3.626,-88,开,2025-09-04 18:27:35
70666000038000,860329065551923,117.2535,0.0195,0.51,21136,22.29,0.0,3.626,-88,开,2025-09-04 18:27:33
70666000038000,860329065551923,117.2524,0.0196,0.51,21136,22.29,0.0,3.626,-88,开,2025-09-04 18:27:31
70666000038000,860329065551923,117.2513,0.0197,0.51,21136,22.29,0.0,3.626,-88,开,2025-09-04 18:27:29
70666000038000,860329065551923,117.2502,0.0197,0.51,21136,22.29,0.0,3.626,-88,开,2025-09-04 18:27:27
70666000038000,860329065551923,117.237,0.0196,0.51,21135,22.29,0.0,3.63,-88,开,2025-09-04 18:27:02
70666000038000,860329065551923,117.2359,0.0197,0.51,21135,22.29,0.0,3.63,-88,开,2025-09-04 18:27:00
70666000038000,860329065551923,117.2349,0.0198,0.51,21135,22.29,0.0,3.63,-88,开,2025-09-04 18:26:58
70666000038000,860329065551923,117.2338,0.0197,0.51,21135,22.29,0.0,3.63,-88,开,2025-09-04 18:26:56
70666000038000,860329065551923,117.2327,0.0196,0.51,21135,22.29,0.0,3.63,-88,开,2025-09-04 18:26:54
70666000038000,860329065551923,117.2316,0.0196,0.51,21135,22.29,0.0,3.63,-88,开,2025-09-04 18:26:52
70666000038000,860329065551923,117.2305,0.0196,0.51,21135,22.29,0.0,3.63,-88,开,2025-09-04 18:26:50
70666000038000,860329065551923,117.2294,0.0196,0.51,21135,22.29,0.0,3.63,-88,开,2025-09-04 18:26:48
70666000038000,860329065551923,117.2283,0.0197,0.51,21135,22.29,0.0,3.63,-88,开,2025-09-04 18:26:46
70666000038000,860329065551923,117.2272,0.0198,0.51,21135,22.29,0.0,3.63,-88,开,2025-09-04 18:26:44
70666000038000,860329065551923,117.2261,0.0198,0.51,21135,22.29,0.0,3.63,-88,开,2025-09-04 18:26:42
70666000038000,860329065551923,117.225,0.0198,0.51,21135,25.42,0.0,3.63,-88,开,2025-09-04 18:26:40
70666000038000,860329065551923,117.2239,0.0197,0.51,21135,25.42,0.0,3.63,-88,开,2025-09-04 18:26:38
70666000038000,860329065551923,117.2228,0.0197,0.51,21135,25.42,0.0,3.63,-88,开,2025-09-04 18:26:36
70666000038000,860329065551923,117.2216,0.0198,0.51,21135,25.42,0.0,3.63,-88,开,2025-09-04 18:26:34
70666000038000,860329065551923,117.2205,0.0199,0.51,21135,25.42,0.0,3.63,-88,开,2025-09-04 18:26:32
70666000038000,860329065551923,117.2194,0.0201,0.51,21135,25.42,0.0,3.63,-88,开,2025-09-04 18:26:30
70666000038000,860329065551923,117.2183,0.0202,0.51,21135,25.42,0.0,3.63,-88,开,2025-09-04 18:26:28
70666000038000,860329065551923,117.2172,0.0202,0.51,21135,25.42,0.0,3.63,-88,开,2025-09-04 18:26:26
70666000038000,860329065551923,117.2161,0.02,0.51,21135,25.42,0.0,3.63,-88,开,2025-09-04 18:26:24
70666000038000,860329065551923,117.215,0.0197,0.51,21135,25.42,0.0,3.63,-88,开,2025-09-04 18:26:22
70666000038000,860329065551923,117.2139,0.0195,0.51,21135,25.42,0.0,3.63,-88,开,2025-09-04 18:26:20
70666000038000,860329065551923,117.2128,0.0196,0.51,21135,25.42,0.0,3.63,-88,开,2025-09-04 18:26:18
70666000038000,860329065551923,117.2117,0.0197,0.51,21135,25.42,0.0,3.63,-88,开,2025-09-04 18:26:16
70666000038000,860329065551923,117.2117,0.0197,0.51,21135,25.42,0.0,3.63,-88,开,2025-09-04 18:26:15
70666000038000,860329065551923,117.2019,0.0,0.51,21134,26.4,0.0,3.627,-91,开,2025-09-04 17:27:34
70666000038000,860329065551923,117.201,0.0,0.51,21133,27.71,0.0,3.632,-89,开,2025-09-04 16:52:54
70666000038000,860329065551923,117.1997,0.0,0.51,21132,24.6,0.0,3.625,-98,开,2025-09-04 14:28:32
70666000038000,860329065551923,117.1985,0.0001,0.51,21131,24.23,0.0,3.623,-90,开,2025-09-04 12:54:57
70666000038000,860329065551923,117.1975,0.0,0.51,21130,24.24,0.0,3.628,-89,开,2025-09-04 12:50:31
70666000038000,860329065551923,117.1965,0.0,0.51,21129,24.28,0.0,3.627,-89,开,2025-09-04 12:45:49
70666000038000,860329065551923,117.1954,0.0001,0.51,21128,22.73,0.0,3.621,-89,开,2025-09-04 12:41:03
70666000038000,860329065551923,117.1944,0.0001,0.51,21127,24.0,0.0,3.627,-89,开,2025-09-04 12:37:38
70666000038000,860329065551923,117.1934,0.0001,0.51,21126,24.74,0.0,3.63,-90,开,2025-09-04 12:32:45
70666000038000,860329065551923,117.1933,0.0001,0.51,21126,24.76,0.0,3.63,-90,开,2025-09-04 12:32:24
70666000038000,860329065551923,117.1893,0.0,0.51,21125,24.97,0.0,3.63,-91,开,2025-09-04 12:29:21
70666000038000,860329065551923,117.1882,0.0001,0.51,21124,24.83,0.0,3.628,-90,开,2025-09-04 12:24:28
70666000038000,860329065551923,117.1872,0.0,0.51,21123,24.02,0.0,3.63,-87,开,2025-09-04 09:45:00
70666000038000,860329065551923,117.1858,0.0166,0.51,21122,24.45,0.0,3.63,-85,开,2025-09-04 09:39:58
70666000038000,860329065551923,117.1847,0.0053,0.51,21122,24.45,0.0,3.63,-85,开,2025-09-04 09:39:50
70666000038000,860329065551923,117.1834,0.0047,0.51,21122,24.45,0.0,3.63,-85,开,2025-09-04 09:39:40
70666000038000,860329065551923,117.1832,0.0038,0.51,21122,25.57,0.0,3.63,-85,开,2025-09-04 09:39:36
70666000038000,860329065551923,117.1802,0.0,0.5,21121,22.72,0.0,3.631,-88,开,2025-09-04 08:19:24
70666000038000,860329065551923,117.1797,0.0,0.5,21120,23.05,0.0,3.631,-90,开,2025-09-04 08:16:56
70666000038000,860329065551923,117.1766,0.0069,0.5,21119,24.4,0.0,3.628,-90,开,2025-09-04 08:16:33
70666000038000,860329065551923,117.1756,0.009,0.5,21119,24.4,0.0,3.628,-90,开,2025-09-04 08:16:29
70666000038000,860329065551923,117.1744,0.0116,0.5,21119,24.4,0.0,3.628,-90,开,2025-09-04 08:16:23
70666000038000,860329065551923,117.1732,0.0068,0.5,21119,24.4,0.0,3.628,-90,开,2025-09-04 08:16:17
70666000038000,860329065551923,117.1719,0.0084,0.5,21119,24.4,0.0,3.628,-90,开,2025-09-04 08:16:11
70666000038000,860329065551923,117.1706,0.0077,0.5,21119,24.4,0.0,3.628,-90,开,2025-09-04 08:16:05
70666000038000,860329065551923,117.1659,0.0,0.5,21118,22.95,0.0,3.63,-89,开,2025-09-04 08:04:18
70666000038000,860329065551923,117.1602,0.0144,0.5,21117,25.22,0.0,3.622,-90,开,2025-09-04 08:02:02
70666000038000,860329065551923,117.1593,0.02,0.5,21117,25.22,0.0,3.622,-90,开,2025-09-04 08:02:00
70666000038000,860329065551923,117.1567,0.0,0.5,21116,25.64,0.0,3.628,-87,开,2025-09-04 00:32:08
70666000038000,860329065551923,117.1554,0.0,0.5,21115,23.85,0.0,3.639,-89,开,2025-09-03 22:56:59
70666000038000,860329065551923,117.1544,0.0,0.5,21114,24.56,0.0,3.625,-90,开,2025-09-03 22:52:10
70666000038000,860329065551923,117.1534,0.0,0.5,21113,24.51,0.0,3.631,-90,开,2025-09-03 22:46:24
70666000038000,860329065551923,117.1524,0.0,0.5,21112,24.43,0.0,3.628,-89,开,2025-09-03 22:40:25
70666000038000,860329065551923,117.1514,0.0002,0.5,21111,24.49,0.0,3.627,-91,开,2025-09-03 22:32:49
70666000038000,860329065551923,117.1503,0.0,0.5,21110,24.62,0.0,3.628,-92,开,2025-09-03 22:27:31
70666000038000,860329065551923,117.1494,0.0,0.5,21109,24.06,0.0,3.627,-88,开,2025-09-03 22:22:03
70666000038000,860329065551923,117.1486,0.0,0.5,21108,22.97,0.0,3.631,-89,开,2025-09-03 21:31:43
70666000038000,860329065551923,117.1473,0.0017,0.5,21107,25.44,0.0,3.627,-86,开,2025-09-03 21:16:22
70666000038000,860329065551923,117.1461,0.0075,0.5,21107,25.44,0.0,3.627,-86,开,2025-09-03 21:16:16
70666000038000,860329065551923,117.1454,0.0097,0.5,21107,25.44,0.0,3.627,-86,开,2025-09-03 21:16:11
70666000038000,860329065551923,117.1344,0.0,0.5,21106,25.6,0.0,3.627,-88,开,2025-09-03 21:05:36
70666000038000,860329065551923,117.1337,0.0,0.5,21105,23.9,0.0,3.632,-89,开,2025-09-03 20:07:00
70666000038000,860329065551923,117.1316,0.0,0.5,21104,23.69,0.0,3.628,-90,开,2025-09-03 20:00:56
70666000038000,860329065551923,117.1307,0.0,0.5,21103,23.33,0.0,3.631,-88,开,2025-09-03 19:49:10
70666000038000,860329065551923,117.1296,0.0022,0.5,21102,23.58,0.0,3.628,-88,开,2025-09-03 19:41:19
70666000038000,860329065551923,117.1285,0.0012,0.5,21102,23.58,0.0,3.628,-88,开,2025-09-03 19:40:55
70666000038000,860329065551923,117.1284,0.0009,0.5,21102,23.58,0.0,3.628,-88,开,2025-09-03 19:40:52
70666000038000,860329065551923,117.1253,0.0,0.5,21101,23.87,0.0,3.627,-87,开,2025-09-03 19:34:59
70666000038000,860329065551923,117.1244,0.0,0.5,21100,23.79,0.0,3.627,-88,开,2025-09-03 19:25:51
70666000038000,860329065551923,117.1233,0.0,0.5,21099,24.03,0.0,3.631,-94,开,2025-09-03 19:18:47
70666000038000,860329065551923,117.1223,0.0,0.5,21098,23.8,0.0,3.627,-87,开,2025-09-03 19:09:39
70666000038000,860329065551923,117.1213,0.0,0.5,21097,24.11,0.0,3.628,-88,开,2025-09-03 19:03:50
70666000038000,860329065551923,117.1203,0.0,0.5,21096,24.08,0.0,3.627,-88,开,2025-09-03 18:55:24
70666000038000,860329065551923,117.1193,0.0,0.5,21095,24.27,0.0,3.63,-88,开,2025-09-03 18:48:59
70666000038000,860329065551923,117.1189,0.0,0.5,21094,25.02,0.0,3.627,-88,开,2025-09-03 18:46:07
70666000038000,860329065551923,117.1172,0.0,0.5,21093,25.04,0.0,3.628,-89,开,2025-09-03 18:44:47
70666000038000,860329065551923,117.1162,0.0,0.5,21092,26.0,0.0,3.628,-89,开,2025-09-03 18:39:15
70666000038000,860329065551923,117.1152,0.0,0.5,21091,26.94,0.0,3.627,-90,开,2025-09-03 18:34:13
70666000038000,860329065551923,117.1142,0.0,0.5,21090,27.17,0.0,3.648,-84,开,2025-09-03 16:17:26
70666000038000,860329065551923,117.113,0.002,0.5,21089,27.17,0.0,3.627,-86,开,2025-09-03 16:16:45
70666000038000,860329065551923,117.112,0.002,0.5,21089,27.14,0.0,3.627,-86,开,2025-09-03 16:16:27
70666000038000,860329065551923,117.1119,0.002,0.5,21089,27.14,0.0,3.627,-86,开,2025-09-03 16:16:25
70666000038000,860329065551923,117.1101,0.0,0.5,21088,26.96,0.0,3.628,-87,开,2025-09-03 13:59:39
70666000038000,860329065551923,117.1089,0.0033,0.5,21087,26.26,0.0,3.63,-88,开,2025-09-03 10:59:19
70666000038000,860329065551923,117.1077,0.0041,0.5,21087,26.26,0.0,3.63,-88,开,2025-09-03 10:59:09
70666000038000,860329065551923,117.1045,0.0,0.5,21086,23.18,0.0,3.628,-85,开,2025-09-03 09:42:11
70666000038000,860329065551923,117.1031,0.0,0.5,21085,21.0,0.0,3.627,-96,开,2025-09-03 09:32:44
70666000038000,860329065551923,117.0984,0.0216,0.5,21084,22.95,0.0,3.626,-90,开,2025-09-03 09:32:22
70666000038000,860329065551923,117.0972,0.0218,0.5,21084,22.95,0.0,3.626,-90,开,2025-09-03 09:32:20
70666000038000,860329065551923,117.096,0.0217,0.5,21084,22.95,0.0,3.626,-90,开,2025-09-03 09:32:18
70666000038000,860329065551923,117.0949,0.0215,0.5,21084,22.95,0.0,3.626,-90,开,2025-09-03 09:32:16
70666000038000,860329065551923,117.0937,0.0205,0.5,21084,22.95,0.0,3.626,-90,开,2025-09-03 09:32:14
70666000038000,860329065551923,117.0926,0.0198,0.5,21084,22.95,0.0,3.626,-90,开,2025-09-03 09:32:12
70666000038000,860329065551923,117.0914,0.0196,0.5,21084,22.95,0.0,3.626,-90,开,2025-09-03 09:32:10
70666000038000,860329065551923,117.0902,0.0205,0.5,21084,22.95,0.0,3.626,-90,开,2025-09-03 09:32:08
70666000038000,860329065551923,117.089,0.0213,0.5,21084,22.95,0.0,3.626,-90,开,2025-09-03 09:32:06
70666000038000,860329065551923,117.0878,0.0216,0.5,21084,22.95,0.0,3.626,-90,开,2025-09-03 09:32:04
70666000038000,860329065551923,117.0866,0.0215,0.5,21084,22.95,0.0,3.626,-90,开,2025-09-03 09:32:02
70666000038000,860329065551923,117.0854,0.0214,0.5,21084,22.95,0.0,3.626,-90,开,2025-09-03 09:32:00
70666000038000,860329065551923,117.0842,0.0214,0.5,21084,22.95,0.0,3.626,-90,开,2025-09-03 09:31:58
70666000038000,860329065551923,117.0831,0.0214,0.5,21084,22.95,0.0,3.626,-90,开,2025-09-03 09:31:56
70666000038000,860329065551923,117.0819,0.0214,0.5,21084,22.95,0.0,3.626,-90,开,2025-09-03 09:31:54
70666000038000,860329065551923,117.0724,0.0,0.5,21083,23.67,0.0,3.628,-86,开,2025-09-03 08:25:03
70666000038000,860329065551923,117.0668,0.0,0.5,21082,23.74,0.0,3.626,-86,开,2025-09-03 08:09:38
70666000038000,860329065551923,117.0664,0.0,0.5,21081,24.69,0.0,3.627,-86,开,2025-09-03 07:57:54
70666000038000,860329065551923,117.0633,0.0,0.5,21080,26.03,0.0,3.627,-87,开,2025-09-03 07:23:31
70666000038000,860329065551923,117.0528,0.0026,0.5,21079,26.3,0.0,3.632,-89,开,2025-09-03 01:46:55
70666000038000,860329065551923,117.0517,0.0025,0.5,21079,26.3,0.0,3.632,-89,开,2025-09-03 01:46:41
70666000038000,860329065551923,117.0506,0.0028,0.5,21079,26.3,0.0,3.632,-89,开,2025-09-03 01:46:31
70666000038000,860329065551923,117.05,0.0042,0.5,21079,26.3,0.0,3.632,-89,开,2025-09-03 01:46:28
70666000038000,860329065551923,117.0492,0.008,0.5,21079,26.27,0.0,3.632,-89,开,2025-09-03 01:46:27
70666000038000,860329065551923,117.04,0.0,0.5,21078,24.38,0.0,3.628,-86,开,2025-09-03 00:29:08
70666000038000,860329065551923,117.0389,0.0,0.5,21077,24.85,0.0,3.627,-87,开,2025-09-03 00:19:19
70666000038000,860329065551923,117.0298,0.0001,0.5,21076,24.28,0.0,3.628,-86,开,2025-09-03 00:04:48
70666000038000,860329065551923,117.0288,0.0,0.5,21075,24.17,0.0,3.628,-86,开,2025-09-03 00:00:13
70666000038000,860329065551923,117.0278,0.0,0.5,21074,24.08,0.0,3.628,-86,开,2025-09-02 23:55:51
70666000038000,860329065551923,117.0268,0.0,0.5,21073,23.97,0.0,3.628,-85,开,2025-09-02 23:50:49
70666000038000,860329065551923,117.0258,0.0,0.5,21072,23.81,0.0,3.63,-86,开,2025-09-02 23:45:51
70666000038000,860329065551923,117.0248,0.0,0.5,21071,23.15,0.0,3.628,-86,开,2025-09-02 23:41:10
70666000038000,860329065551923,117.0238,0.0,0.5,21070,23.88,0.0,3.622,-86,开,2025-09-02 23:38:22
70666000038000,860329065551923,117.0227,0.0001,0.5,21069,23.66,0.0,3.631,-86,开,2025-09-02 23:33:50
70666000038000,860329065551923,117.0217,0.0,0.5,21068,23.86,0.0,3.625,-86,开,2025-09-02 23:29:23
70666000038000,860329065551923,117.0207,0.0,0.5,21067,23.84,0.0,3.627,-86,开,2025-09-02 23:24:57
70666000038000,860329065551923,117.0197,0.0001,0.5,21066,23.52,0.0,3.626,-86,开,2025-09-02 23:20:17
70666000038000,860329065551923,117.0187,0.0,0.5,21065,22.89,0.0,3.628,-86,开,2025-09-02 23:15:29
70666000038000,860329065551923,117.0185,0.0,0.5,21064,25.26,0.0,3.626,-86,开,2025-09-02 23:14:22
70666000038000,860329065551923,117.0155,0.0032,0.5,21063,25.26,0.0,3.63,-87,开,2025-09-02 23:13:52
70666000038000,860329065551923,117.0141,0.0071,0.5,21063,25.26,0.0,3.63,-87,开,2025-09-02 23:13:48
70666000038000,860329065551923,117.0127,0.0172,0.5,21063,25.26,0.0,3.63,-87,开,2025-09-02 23:13:44
70666000038000,860329065551923,117.0116,0.0001,0.5,21063,25.26,0.0,3.63,-87,开,2025-09-02 23:13:31
70666000038000,860329065551923,117.0065,0.0,0.5,21062,25.24,0.0,3.628,-85,开,2025-09-02 23:11:49
70666000038000,860329065551923,117.0055,0.0,0.5,21061,25.81,0.0,3.628,-87,开,2025-09-02 23:07:12
70666000038000,860329065551923,117.0045,0.0,0.5,21060,22.61,0.0,3.628,-85,开,2025-09-02 20:09:32
70666000038000,860329065551923,117.0035,0.0001,0.5,21059,23.1,0.0,3.628,-85,开,2025-09-02 20:05:01
70666000038000,860329065551923,117.0025,0.0001,0.5,21058,22.86,0.0,3.628,-85,开,2025-09-02 20:00:36
70666000038000,860329065551923,117.0015,0.0001,0.5,21057,22.9,0.0,3.626,-91,开,2025-09-02 19:56:09
70666000038000,860329065551923,117.0005,0.0001,0.5,21056,21.86,0.0,3.628,-85,开,2025-09-02 19:51:49
70666000038000,860329065551923,116.9994,0.0019,0.5,21055,22.36,0.0,3.63,-88,开,2025-09-02 19:50:59
70666000038000,860329065551923,116.9983,0.0018,0.5,21055,22.36,0.0,3.63,-88,开,2025-09-02 19:50:39
70666000038000,860329065551923,116.9982,0.0018,0.5,21055,22.36,0.0,3.63,-88,开,2025-09-02 19:50:37
70666000038000,860329065551923,116.9962,0.0018,0.5,21054,22.39,0.0,3.631,-85,开,2025-09-02 19:49:57
70666000038000,860329065551923,116.9953,0.0018,0.5,21054,22.39,0.0,3.631,-85,开,2025-09-02 19:49:39
70666000038000,860329065551923,116.9919,0.0019,0.5,21053,23.47,0.0,3.631,-85,开,2025-09-02 19:48:34
70666000038000,860329065551923,116.9916,0.0017,0.5,21053,23.47,0.0,3.631,-85,开,2025-09-02 19:48:28
70666000038000,860329065551923,116.9887,0.0001,0.5,21052,23.49,0.0,3.63,-84,开,2025-09-02 19:47:07
70666000038000,860329065551923,116.9877,0.0001,0.5,21051,23.34,0.0,3.625,-85,开,2025-09-02 19:42:25
70666000038000,860329065551923,116.9867,0.0001,0.5,21050,23.76,0.0,3.632,-85,开,2025-09-02 19:37:59
70666000038000,860329065551923,116.9857,0.0001,0.5,21049,23.8,0.0,3.628,-85,开,2025-09-02 19:33:32
70666000038000,860329065551923,116.9849,0.0001,0.5,21048,24.33,0.0,3.628,-85,开,2025-09-02 19:30:23
70666000038000,860329065551923,116.9807,0.0001,0.5,21047,24.58,0.0,3.627,-85,开,2025-09-02 19:27:13
70666000038000,860329065551923,116.9797,0.0001,0.5,21046,24.25,0.0,3.63,-85,开,2025-09-02 19:22:27
70666000038000,860329065551923,116.9787,0.0001,0.5,21045,24.82,0.0,3.641,-86,开,2025-09-02 19:17:14
70666000038000,860329065551923,116.9778,0.0,0.5,21044,21.33,0.0,3.626,-85,开,2025-09-02 18:15:39
70666000038000,860329065551923,116.9765,0.0029,0.5,21043,24.81,0.0,3.632,-85,开,2025-09-02 18:15:07
70666000038000,860329065551923,116.9751,0.0045,0.5,21043,24.81,0.0,3.632,-85,开,2025-09-02 18:15:03
70666000038000,860329065551923,116.9741,0.0099,0.5,21043,24.81,0.0,3.632,-85,开,2025-09-02 18:15:01
70666000038000,860329065551923,116.973,0.0156,0.5,21043,24.81,0.0,3.632,-85,开,2025-09-02 18:14:57
70666000038000,860329065551923,116.9719,0.0189,0.5,21043,24.81,0.0,3.632,-85,开,2025-09-02 18:14:55
70666000038000,860329065551923,116.9708,0.0193,0.5,21043,24.81,0.0,3.632,-85,开,2025-09-02 18:14:53
70666000038000,860329065551923,116.9698,0.0195,0.5,21043,24.81,0.0,3.632,-85,开,2025-09-02 18:14:51
70666000038000,860329065551923,116.9687,0.0195,0.5,21043,24.81,0.0,3.632,-85,开,2025-09-02 18:14:49
70666000038000,860329065551923,116.9677,0.0192,0.5,21043,24.81,0.0,3.632,-85,开,2025-09-02 18:14:47
70666000038000,860329065551923,116.9667,0.0189,0.5,21043,24.81,0.0,3.632,-85,开,2025-09-02 18:14:45
70666000038000,860329065551923,116.9656,0.0184,0.5,21043,24.81,0.0,3.632,-85,开,2025-09-02 18:14:43
70666000038000,860329065551923,116.9646,0.0183,0.5,21043,24.81,0.0,3.632,-85,开,2025-09-02 18:14:41
70666000038000,860329065551923,116.9635,0.0182,0.5,21043,24.81,0.0,3.632,-85,开,2025-09-02 18:14:39
70666000038000,860329065551923,116.9518,0.0,0.5,21042,25.69,0.0,3.628,-85,开,2025-09-02 18:09:25
70666000038000,860329065551923,116.9453,0.0,0.5,21041,24.57,0.0,3.631,-84,开,2025-09-02 16:56:36
70666000038000,860329065551923,116.9443,0.0,0.5,21040,24.23,0.0,3.63,-84,开,2025-09-02 14:32:54
70666000038000,860329065551923,116.9431,0.0001,0.5,21039,23.75,0.0,3.626,-86,开,2025-09-02 12:55:33
70666000038000,860329065551923,116.9421,0.0001,0.5,21038,23.64,0.0,3.631,-86,开,2025-09-02 12:51:07
70666000038000,860329065551923,116.9411,0.0001,0.5,21037,23.56,0.0,3.626,-86,开,2025-09-02 12:46:42
70666000038000,860329065551923,116.9401,0.0001,0.5,21036,23.51,0.0,3.637,-86,开,2025-09-02 12:42:19
70666000038000,860329065551923,116.939,0.0,0.5,21035,23.12,0.0,3.628,-87,开,2025-09-02 12:37:12
70666000038000,860329065551923,116.938,0.0001,0.5,21034,23.49,0.0,3.625,-88,开,2025-09-02 12:35:04
70666000038000,860329065551923,116.937,0.0,0.5,21033,23.59,0.0,3.63,-90,开,2025-09-02 12:30:37
70666000038000,860329065551923,116.936,0.0001,0.5,21032,23.78,0.0,3.627,-89,开,2025-09-02 12:26:12
70666000038000,860329065551923,116.935,0.0001,0.5,21031,23.44,0.0,3.63,-88,开,2025-09-02 12:21:45
70666000038000,860329065551923,116.934,0.0001,0.5,21030,23.61,0.0,3.621,-89,开,2025-09-02 12:17:14
70666000038000,860329065551923,116.9332,0.0001,0.5,21029,24.13,0.0,3.626,-89,开,2025-09-02 12:13:39
70666000038000,860329065551923,116.9326,0.0,0.5,21028,26.62,0.0,3.63,-91,开,2025-09-02 11:48:33
70666000038000,860329065551923,116.9308,0.0,0.5,21027,21.86,0.0,3.627,-86,开,2025-09-02 09:14:54
70666000038000,860329065551923,116.9274,0.004,0.5,21026,21.86,0.0,3.603,-89,开,2025-09-02 09:14:21
70666000038000,860329065551923,116.9263,0.0041,0.5,21026,22.64,0.0,3.603,-89,开,2025-09-02 09:14:11
70666000038000,860329065551923,116.9251,0.004,0.5,21026,22.64,0.0,3.603,-89,开,2025-09-02 09:14:01
70666000038000,860329065551923,116.9251,0.004,0.5,21026,22.64,0.0,3.603,-89,开,2025-09-02 09:14:00
70666000038000,860329065551923,116.922,0.0,0.5,21025,22.89,0.0,3.623,-84,开,2025-09-02 09:10:12
70666000038000,860329065551923,116.9184,0.0039,0.5,21024,22.89,0.0,3.623,-85,开,2025-09-02 09:09:44
70666000038000,860329065551923,116.9175,0.0,0.5,21024,22.89,0.0,3.623,-85,开,2025-09-02 09:09:19
70666000038000,860329065551923,116.9162,0.0,0.5,21023,22.39,0.0,3.63,-95,开,2025-09-02 08:50:42
70666000038000,860329065551923,116.9152,0.0001,0.5,21022,23.63,0.0,3.631,-91,开,2025-09-02 08:45:01
70666000038000,860329065551923,116.9142,0.0001,0.5,21021,23.43,0.0,3.631,-91,开,2025-09-02 08:37:09
70666000038000,860329065551923,116.9131,0.0,0.5,21020,23.14,0.0,3.627,-91,开,2025-09-02 08:30:46
70666000038000,860329065551923,116.9123,0.0001,0.5,21019,23.16,0.0,3.631,-91,开,2025-09-02 08:22:54
70666000038000,860329065551923,116.9097,0.0075,0.5,21018,23.16,0.0,3.63,-92,开,2025-09-02 08:22:27
70666000038000,860329065551923,116.9085,0.0074,0.5,21018,23.16,0.0,3.63,-92,开,2025-09-02 08:22:21
70666000038000,860329065551923,116.9072,0.0072,0.5,21018,23.01,0.0,3.63,-92,开,2025-09-02 08:22:15
70666000038000,860329065551923,116.9059,0.008,0.5,21018,23.01,0.0,3.63,-92,开,2025-09-02 08:22:09
70666000038000,860329065551923,116.9048,0.0078,0.5,21018,23.01,0.0,3.63,-92,开,2025-09-02 08:22:03
70666000038000,860329065551923,116.9039,0.0,0.5,21017,23.07,0.0,3.628,-91,开,2025-09-02 08:16:50
70666000038000,860329065551923,116.9025,0.0,0.5,21016,23.81,0.0,3.628,-97,开,2025-09-02 08:10:26
70666000038000,860329065551923,116.9015,0.0019,0.5,21015,24.51,0.0,3.627,-91,开,2025-09-02 08:03:43
70666000038000,860329065551923,116.9009,0.0037,0.5,21015,24.51,0.0,3.627,-91,开,2025-09-02 08:03:40
70666000038000,860329065551923,116.8882,0.0,0.5,21014,25.7,0.0,3.628,-90,开,2025-09-02 07:52:57
70666000038000,860329065551923,116.8871,0.0,0.5,21013,25.73,0.0,3.63,-90,开,2025-09-02 00:25:09
70666000038000,860329065551923,116.8815,0.0001,0.5,21012,26.29,0.0,3.63,-89,开,2025-09-02 00:12:30
70666000038000,860329065551923,116.8805,0.0,0.5,21011,26.17,0.0,3.628,-90,开,2025-09-01 23:07:59
70666000038000,860329065551923,116.8795,0.0001,0.5,21010,24.07,0.0,3.631,-90,开,2025-09-01 22:24:22
70666000038000,860329065551923,116.8785,0.0001,0.5,21009,24.13,0.0,3.63,-90,开,2025-09-01 22:19:45
70666000038000,860329065551923,116.8776,0.0001,0.5,21008,24.23,0.0,3.631,-90,开,2025-09-01 22:15:41
70666000038000,860329065551923,116.8768,0.0002,0.5,21007,25.08,0.0,3.63,-90,开,2025-09-01 22:09:04
70666000038000,860329065551923,116.8709,0.0,0.5,21006,26.09,0.0,3.631,-93,开,2025-09-01 22:00:54
70666000038000,860329065551923,116.8693,0.0002,0.5,21005,24.14,0.0,3.628,-91,开,2025-09-01 21:04:00
70666000038000,860329065551923,116.8684,0.0001,0.5,21004,24.57,0.0,3.627,-90,开,2025-09-01 21:00:30
70666000038000,860329065551923,116.8673,0.0001,0.5,21003,24.54,0.0,3.625,-91,开,2025-09-01 20:56:08
70666000038000,860329065551923,116.8663,0.0002,0.5,21002,24.81,0.0,3.63,-91,开,2025-09-01 20:52:29
70666000038000,860329065551923,116.8653,0.0,0.5,21001,24.73,0.0,3.632,-91,开,2025-09-01 20:48:22
70666000038000,860329065551923,116.8644,0.0001,0.5,21000,24.7,0.0,3.628,-94,开,2025-09-01 20:44:22
70666000038000,860329065551923,116.8633,0.0001,0.5,20999,24.59,0.0,3.627,-91,开,2025-09-01 20:39:46
70666000038000,860329065551923,116.8623,0.0,0.5,20998,24.52,0.0,3.626,-90,开,2025-09-01 20:36:30
70666000038000,860329065551923,116.8613,0.0002,0.5,20997,24.49,0.0,3.628,-90,开,2025-09-01 20:33:10
70666000038000,860329065551923,116.8603,0.0001,0.5,20996,24.4,0.0,3.632,-90,开,2025-09-01 20:29:35
70666000038000,860329065551923,116.8593,0.0001,0.5,20995,24.37,0.0,3.625,-91,开,2025-09-01 20:25:40
70666000038000,860329065551923,116.8583,0.0001,0.5,20994,24.4,0.0,3.631,-90,开,2025-09-01 20:22:05
70666000038000,860329065551923,116.8572,0.0023,0.49,20993,24.04,0.0,3.63,-91,开,2025-09-01 19:58:18
70666000038000,860329065551923,116.8562,0.0044,0.49,20993,24.04,0.0,3.63,-91,开,2025-09-01 19:58:08
70666000038000,860329065551923,116.8556,0.0008,0.49,20993,24.83,0.0,3.63,-91,开,2025-09-01 19:57:57
70666000038000,860329065551923,116.8529,0.0,0.49,20992,23.22,0.0,3.63,-95,开,2025-09-01 19:18:10
70666000038000,860329065551923,116.8521,0.0,0.49,20991,24.25,0.0,3.623,-91,开,2025-09-01 19:04:53
70666000038000,860329065551923,116.8513,0.0,0.49,20990,25.04,0.0,3.628,-91,开,2025-09-01 19:02:23
70666000038000,860329065551923,116.8502,0.0,0.49,20989,25.74,0.0,3.625,-95,开,2025-09-01 18:58:03
70666000038000,860329065551923,116.8487,0.0,0.49,20988,25.88,0.0,3.631,-96,开,2025-09-01 18:33:24
70666000038000,860329065551923,116.8477,0.0,0.49,20987,26.21,0.0,3.631,-87,开,2025-09-01 18:13:41
70666000038000,860329065551923,116.8467,0.0,0.49,20986,25.37,0.0,3.63,-87,开,2025-09-01 17:39:11
70666000038000,860329065551923,116.8458,0.0001,0.49,20985,25.45,0.0,3.63,-86,开,2025-09-01 17:29:22
70666000038000,860329065551923,116.8447,0.0002,0.49,20984,26.7,0.0,3.636,-87,开,2025-09-01 17:11:06
70666000038000,860329065551923,116.8437,0.0002,0.49,20983,26.26,0.0,3.628,-87,开,2025-09-01 16:56:22
70666000038000,860329065551923,116.8426,0.0,0.49,20982,25.93,0.0,3.632,-87,开,2025-09-01 16:32:59
70666000038000,860329065551923,116.842,0.0001,0.49,20981,27.04,0.0,3.631,-88,开,2025-09-01 16:22:29
70666000038000,860329065551923,116.8405,0.0,0.49,20980,27.63,0.0,3.632,-87,开,2025-09-01 16:16:37
70666000038000,860329065551923,116.8396,0.0001,0.49,20979,27.42,0.0,3.625,-87,开,2025-09-01 16:05:19
70666000038000,860329065551923,116.8385,0.0,0.49,20978,27.22,0.0,3.632,-86,开,2025-09-01 15:54:50
70666000038000,860329065551923,116.8375,0.0,0.49,20977,26.76,0.0,3.631,-86,开,2025-09-01 15:31:22
70666000038000,860329065551923,116.8365,0.0001,0.49,20976,25.97,0.0,3.626,-87,开,2025-09-01 15:07:39
70666000038000,860329065551923,116.8356,0.0,0.49,20975,25.61,0.0,3.632,-86,开,2025-09-01 15:00:07
70666000038000,860329065551923,116.8346,0.0003,0.49,20974,24.96,0.0,3.632,-86,开,2025-09-01 14:49:39
70666000038000,860329065551923,116.8336,0.0,0.48,20973,25.19,0.0,3.625,-87,开,2025-09-01 14:27:57
70666000038000,860329065551923,116.8325,0.0,0.48,20972,26.71,0.0,3.633,-87,开,2025-09-01 14:19:11
70666000038000,860329065551923,116.8308,0.0,0.48,20971,26.18,0.0,3.628,-86,开,2025-09-01 14:02:07
70666000038000,860329065551923,116.8298,0.0,0.48,20970,24.6,0.0,3.626,-86,开,2025-09-01 13:13:07
70666000038000,860329065551923,116.8288,0.0,0.48,20969,24.2,0.0,3.627,-87,开,2025-09-01 13:02:38
70666000038000,860329065551923,116.8284,0.0004,0.48,20968,24.79,0.0,3.63,-87,开,2025-09-01 12:59:38
70666000038000,860329065551923,116.8255,0.0,0.48,20967,24.73,0.0,3.63,-87,开,2025-09-01 12:53:10
70666000038000,860329065551923,116.8245,0.0,0.48,20966,24.74,0.0,3.628,-86,开,2025-09-01 12:40:32
70666000038000,860329065551923,116.8235,0.0001,0.48,20965,25.33,0.0,3.631,-88,开,2025-09-01 12:29:00
70666000038000,860329065551923,116.8224,0.0,0.48,20964,26.51,0.0,3.627,-86,开,2025-09-01 12:10:35
70666000038000,860329065551923,116.8223,0.0,0.48,20963,26.43,0.0,3.632,-87,开,2025-09-01 12:06:54
70666000038000,860329065551923,116.8182,0.0001,0.48,20962,26.28,0.0,3.626,-87,开,2025-09-01 11:49:30
70666000038000,860329065551923,116.8172,0.0003,0.48,20961,26.2,0.0,3.628,-86,开,2025-09-01 11:34:01
70666000038000,860329065551923,116.8168,0.0,0.48,20960,26.45,0.0,3.628,-87,开,2025-09-01 11:31:20
70666000038000,860329065551923,116.814,0.0,0.48,20959,26.49,0.0,3.625,-86,开,2025-09-01 11:27:13
70666000038000,860329065551923,116.813,0.0007,0.48,20958,26.42,0.0,3.627,-86,开,2025-09-01 11:23:58
70666000038000,860329065551923,116.8119,0.0005,0.48,20957,26.39,0.0,3.631,-87,开,2025-09-01 11:18:48
70666000038000,860329065551923,116.8108,0.0004,0.48,20956,26.22,0.0,3.631,-87,开,2025-09-01 11:12:34
70666000038000,860329065551923,116.8098,0.0,0.48,20955,26.19,0.0,3.627,-86,开,2025-09-01 11:05:58
70666000038000,860329065551923,116.8088,0.0002,0.47,20954,27.77,0.0,3.627,-87,开,2025-09-01 10:53:37
70666000038000,860329065551923,116.8077,0.0032,0.47,20953,24.5,0.0,3.628,-88,开,2025-09-01 09:01:56
70666000038000,860329065551923,116.8068,0.0042,0.47,20953,24.5,0.0,3.628,-88,开,2025-09-01 09:01:43
70666000038000,860329065551923,116.8032,0.0074,0.47,20952,24.12,0.0,3.628,-93,开,2025-09-01 08:24:40
70666000038000,860329065551923,116.8022,0.009,0.47,20952,24.12,0.0,3.628,-93,开,2025-09-01 08:24:36
70666000038000,860329065551923,116.8012,0.009,0.47,20952,24.12,0.0,3.628,-93,开,2025-09-01 08:24:32
70666000038000,860329065551923,116.8012,0.009,0.47,20952,24.12,0.0,3.628,-93,开,2025-09-01 08:24:31
70666000038000,860329065551923,116.7964,0.0058,0.47,20951,24.41,0.0,3.626,-89,开,2025-09-01 08:09:53
70666000038000,860329065551923,116.7851,0.0,0.47,20950,24.23,0.0,3.631,-90,开,2025-09-01 08:03:17
70666000038000,860329065551923,116.7841,0.0,0.47,20949,26.93,0.0,3.627,-92,开,2025-09-01 07:30:01
70666000038000,860329065551923,116.7823,0.0,0.47,20948,26.74,0.0,3.622,-87,开,2025-09-01 00:46:52
70666000038000,860329065551923,116.7804,0.0,0.47,20947,26.23,0.0,3.63,-89,开,2025-08-31 23:01:00
70666000038000,860329065551923,116.7704,0.0,0.47,20946,23.09,0.0,3.628,-87,开,2025-08-31 21:14:35
70666000038000,860329065551923,116.7698,0.0,0.47,20945,23.93,0.0,3.63,-90,开,2025-08-31 21:03:48
70666000038000,860329065551923,116.7607,0.0001,0.47,20944,23.68,0.0,3.63,-87,开,2025-08-31 20:48:28
70666000038000,860329065551923,116.7597,0.0001,0.47,20943,23.69,0.0,3.632,-87,开,2025-08-31 20:44:08
70666000038000,860329065551923,116.7587,0.0001,0.47,20942,24.17,0.0,3.626,-87,开,2025-08-31 20:39:55
70666000038000,860329065551923,116.7576,0.0001,0.47,20941,24.39,0.0,3.628,-87,开,2025-08-31 20:35:30
70666000038000,860329065551923,116.7566,0.0001,0.47,20940,24.56,0.0,3.625,-87,开,2025-08-31 20:31:02
70666000038000,860329065551923,116.7556,0.0,0.47,20939,24.89,0.0,3.63,-87,开,2025-08-31 20:26:22
70666000038000,860329065551923,116.7546,0.0001,0.47,20938,25.38,0.0,3.625,-87,开,2025-08-31 20:21:54
70666000038000,860329065551923,116.7536,0.0001,0.47,20937,25.74,0.0,3.628,-87,开,2025-08-31 20:17:33
70666000038000,860329065551923,116.7526,0.0001,0.47,20936,25.89,0.0,3.631,-87,开,2025-08-31 20:13:08
70666000038000,860329065551923,116.7516,0.0001,0.47,20935,26.16,0.0,3.638,-87,开,2025-08-31 20:08:43
70666000038000,860329065551923,116.7505,0.0035,0.47,20934,22.99,0.0,3.632,-89,开,2025-08-31 17:39:19
70666000038000,860329065551923,116.7493,0.0035,0.47,20934,22.99,0.0,3.632,-89,开,2025-08-31 17:39:07
70666000038000,860329065551923,116.749,0.0034,0.47,20934,22.99,0.0,3.632,-89,开,2025-08-31 17:39:03
70666000038000,860329065551923,116.7468,0.0,0.47,20933,20.46,0.0,3.628,-89,开,2025-08-31 17:37:34
70666000038000,860329065551923,116.7451,0.0158,0.47,20932,21.06,0.0,3.632,-90,开,2025-08-31 17:36:58
70666000038000,860329065551923,116.744,0.0192,0.47,20932,21.06,0.0,3.632,-90,开,2025-08-31 17:36:56
70666000038000,860329065551923,116.743,0.0192,0.47,20932,21.06,0.0,3.632,-90,开,2025-08-31 17:36:54
70666000038000,860329065551923,116.7419,0.0187,0.47,20932,21.06,0.0,3.632,-90,开,2025-08-31 17:36:52
70666000038000,860329065551923,116.7409,0.0184,0.47,20932,21.06,0.0,3.632,-90,开,2025-08-31 17:36:50
70666000038000,860329065551923,116.7398,0.0184,0.47,20932,21.06,0.0,3.632,-90,开,2025-08-31 17:36:48
70666000038000,860329065551923,116.7388,0.0186,0.47,20932,21.06,0.0,3.632,-90,开,2025-08-31 17:36:46
70666000038000,860329065551923,116.7377,0.0189,0.47,20932,21.06,0.0,3.632,-90,开,2025-08-31 17:36:44
70666000038000,860329065551923,116.7377,0.0189,0.47,20932,21.06,0.0,3.632,-90,开,2025-08-31 17:36:43
70666000038000,860329065551923,116.7261,0.0187,0.47,20931,21.06,0.0,3.628,-90,开,2025-08-31 17:36:20
70666000038000,860329065551923,116.725,0.0186,0.47,20931,21.06,0.0,3.628,-90,开,2025-08-31 17:36:18
70666000038000,860329065551923,116.7231,0.0182,0.47,20931,21.06,0.0,3.628,-90,开,2025-08-31 17:36:14
70666000038000,860329065551923,116.7212,0.0171,0.47,20931,21.06,0.0,3.628,-90,开,2025-08-31 17:36:10
70666000038000,860329065551923,116.7193,0.0167,0.47,20931,21.06,0.0,3.628,-90,开,2025-08-31 17:36:06
70666000038000,860329065551923,116.7183,0.0169,0.47,20931,21.06,0.0,3.628,-90,开,2025-08-31 17:36:04
70666000038000,860329065551923,116.7172,0.0174,0.47,20931,21.06,0.0,3.628,-90,开,2025-08-31 17:36:02
70666000038000,860329065551923,116.7162,0.0182,0.47,20931,21.06,0.0,3.628,-90,开,2025-08-31 17:36:00
70666000038000,860329065551923,116.7152,0.0187,0.47,20931,25.77,0.0,3.628,-90,开,2025-08-31 17:35:58
70666000038000,860329065551923,116.7142,0.0184,0.47,20931,25.77,0.0,3.628,-90,开,2025-08-31 17:35:56
70666000038000,860329065551923,116.7132,0.0177,0.47,20931,25.77,0.0,3.628,-90,开,2025-08-31 17:35:54
70666000038000,860329065551923,116.7121,0.0175,0.47,20931,25.77,0.0,3.628,-90,开,2025-08-31 17:35:52
70666000038000,860329065551923,116.698,0.0173,0.47,20930,25.77,0.0,3.632,-90,开,2025-08-31 17:35:26
70666000038000,860329065551923,116.6961,0.017,0.47,20930,25.77,0.0,3.632,-90,开,2025-08-31 17:35:22
70666000038000,860329065551923,116.6941,0.017,0.47,20930,25.77,0.0,3.632,-90,开,2025-08-31 17:35:18
70666000038000,860329065551923,116.6931,0.0174,0.47,20930,25.77,0.0,3.632,-90,开,2025-08-31 17:35:16
70666000038000,860329065551923,116.692,0.0179,0.47,20930,25.77,0.0,3.632,-90,开,2025-08-31 17:35:14
70666000038000,860329065551923,116.691,0.0183,0.47,20930,25.77,0.0,3.632,-90,开,2025-08-31 17:35:12
70666000038000,860329065551923,116.69,0.0187,0.47,20930,25.77,0.0,3.632,-90,开,2025-08-31 17:35:10
70666000038000,860329065551923,116.6889,0.0189,0.47,20930,25.77,0.0,3.632,-90,开,2025-08-31 17:35:08
70666000038000,860329065551923,116.6879,0.0188,0.47,20930,25.77,0.0,3.632,-90,开,2025-08-31 17:35:06
70666000038000,860329065551923,116.6868,0.0186,0.47,20930,25.77,0.0,3.632,-90,开,2025-08-31 17:35:04
70666000038000,860329065551923,116.6858,0.0183,0.47,20930,25.77,0.0,3.632,-90,开,2025-08-31 17:35:02
70666000038000,860329065551923,116.6848,0.0183,0.47,20930,25.3,0.0,3.632,-90,开,2025-08-31 17:35:00
70666000038000,860329065551923,116.6837,0.0185,0.47,20930,25.3,0.0,3.632,-90,开,2025-08-31 17:34:58
70666000038000,860329065551923,116.6826,0.0188,0.47,20930,25.3,0.0,3.632,-90,开,2025-08-31 17:34:56
70666000038000,860329065551923,116.6816,0.019,0.47,20930,25.3,0.0,3.632,-90,开,2025-08-31 17:34:54
70666000038000,860329065551923,116.6805,0.019,0.47,20930,25.3,0.0,3.632,-90,开,2025-08-31 17:34:52
70666000038000,860329065551923,116.6805,0.019,0.47,20930,25.3,0.0,3.632,-90,开,2025-08-31 17:34:51
70666000038000,860329065551923,116.6795,0.019,0.47,20930,25.3,0.0,3.632,-90,开,2025-08-31 17:34:50
70666000038000,860329065551923,116.6695,0.0,0.47,20929,27.52,0.0,3.631,-90,开,2025-08-31 17:32:26
70666000038000,860329065551923,116.6667,0.0,0.47,20928,23.04,0.0,3.632,-89,开,2025-08-31 12:59:02
70666000038000,860329065551923,116.6658,0.0001,0.47,20927,22.93,0.0,3.626,-90,开,2025-08-31 12:54:42
70666000038000,860329065551923,116.6648,0.0001,0.47,20926,22.54,0.0,3.63,-97,开,2025-08-31 12:50:16
70666000038000,860329065551923,116.664,0.0001,0.47,20925,22.07,0.0,3.63,-90,开,2025-08-31 12:47:11
70666000038000,860329065551923,116.6603,0.0163,0.47,20924,22.86,0.0,3.628,-92,开,2025-08-31 12:46:46
70666000038000,860329065551923,116.6586,0.0001,0.47,20924,22.86,0.0,3.628,-92,开,2025-08-31 12:46:19
70666000038000,860329065551923,116.6575,0.0001,0.47,20923,23.2,0.0,3.628,-91,开,2025-08-31 12:42:36
70666000038000,860329065551923,116.6565,0.0036,0.47,20923,23.2,0.0,3.628,-91,开,2025-08-31 12:42:32
70666000038000,860329065551923,116.6551,0.0001,0.47,20923,23.2,0.0,3.628,-91,开,2025-08-31 12:42:18
70666000038000,860329065551923,116.6541,0.0001,0.47,20922,23.17,0.0,3.633,-91,开,2025-08-31 12:37:53
70666000038000,860329065551923,116.6531,0.0001,0.47,20921,23.26,0.0,3.632,-92,开,2025-08-31 12:33:30
70666000038000,860329065551923,116.6524,0.0001,0.47,20920,23.7,0.0,3.626,-92,开,2025-08-31 12:30:36
70666000038000,860329065551923,116.6483,0.0001,0.47,20919,24.2,0.0,3.627,-91,开,2025-08-31 12:26:16
70666000038000,860329065551923,116.6473,0.0001,0.47,20918,24.39,0.0,3.632,-92,开,2025-08-31 12:21:51
70666000038000,860329065551923,116.6463,0.0001,0.47,20917,25.1,0.0,3.627,-91,开,2025-08-31 12:17:23
70666000038000,860329065551923,116.6453,0.0001,0.47,20916,25.59,0.0,3.623,-92,开,2025-08-31 12:12:59
70666000038000,860329065551923,116.6442,0.0001,0.47,20915,26.63,0.0,3.63,-92,开,2025-08-31 12:08:21
70666000038000,860329065551923,116.643,0.0,0.47,20914,22.86,0.0,3.626,-90,开,2025-08-31 10:01:28
70666000038000,860329065551923,116.641,0.0,0.47,20913,22.91,0.0,3.63,-89,开,2025-08-31 09:58:23
70666000038000,860329065551923,116.6398,0.0,0.47,20912,23.94,0.0,3.631,-91,开,2025-08-31 09:47:53
70666000038000,860329065551923,116.6392,0.0,0.47,20911,21.21,0.0,3.627,-91,开,2025-08-31 09:13:05
70666000038000,860329065551923,116.638,0.0088,0.47,20910,23.9,0.0,3.631,-91,开,2025-08-31 09:12:04
70666000038000,860329065551923,116.6323,0.0009,0.47,20909,24.3,0.0,3.63,-91,开,2025-08-31 08:58:23
70666000038000,860329065551923,116.6275,0.0,0.47,20908,24.95,0.0,3.63,-93,开,2025-08-31 08:47:02
70666000038000,860329065551923,116.6238,0.0,0.47,20907,24.21,0.0,3.628,-91,开,2025-08-31 08:23:09
70666000038000,860329065551923,116.6223,0.0057,0.47,20906,27.05,0.0,3.628,-91,开,2025-08-31 07:35:41
70666000038000,860329065551923,116.6211,0.007,0.47,20906,27.05,0.0,3.628,-91,开,2025-08-31 07:35:35
70666000038000,860329065551923,116.6199,0.007,0.47,20906,27.05,0.0,3.628,-91,开,2025-08-31 07:35:29
70666000038000,860329065551923,116.6199,0.007,0.47,20906,27.05,0.0,3.628,-91,开,2025-08-31 07:35:28
70666000038000,860329065551923,116.6171,0.0028,0.47,20905,26.33,0.0,3.628,-92,开,2025-08-31 02:53:29
70666000038000,860329065551923,116.6133,0.0001,0.46,20904,23.32,0.0,3.628,-91,开,2025-08-31 00:21:43
70666000038000,860329065551923,116.6123,0.0001,0.46,20903,23.46,0.0,3.628,-91,开,2025-08-31 00:17:21
70666000038000,860329065551923,116.6113,0.0001,0.46,20902,23.63,0.0,3.628,-89,开,2025-08-31 00:12:56
70666000038000,860329065551923,116.6103,0.0001,0.46,20901,23.67,0.0,3.631,-89,开,2025-08-31 00:08:33
70666000038000,860329065551923,116.6093,0.0001,0.46,20900,23.79,0.0,3.623,-89,开,2025-08-31 00:04:07
70666000038000,860329065551923,116.6083,0.0001,0.46,20899,23.77,0.0,3.622,-89,开,2025-08-30 23:59:43
70666000038000,860329065551923,116.6073,0.0001,0.46,20898,23.76,0.0,3.63,-89,开,2025-08-30 23:55:20
70666000038000,860329065551923,116.6063,0.0001,0.46,20897,23.78,0.0,3.628,-89,开,2025-08-30 23:50:55
70666000038000,860329065551923,116.6053,0.0001,0.46,20896,23.85,0.0,3.63,-89,开,2025-08-30 23:46:31
70666000038000,860329065551923,116.6043,0.0001,0.46,20895,23.23,0.0,3.621,-90,开,2025-08-30 22:25:18
70666000038000,860329065551923,116.6033,0.0001,0.46,20894,23.7,0.0,3.627,-91,开,2025-08-30 22:23:17
70666000038000,860329065551923,116.6023,0.0001,0.46,20893,23.79,0.0,3.626,-90,开,2025-08-30 22:18:55
70666000038000,860329065551923,116.6012,0.0001,0.46,20892,23.91,0.0,3.623,-90,开,2025-08-30 22:14:29
70666000038000,860329065551923,116.6003,0.0001,0.46,20891,24.14,0.0,3.627,-90,开,2025-08-30 22:10:07
70666000038000,860329065551923,116.5992,0.0001,0.46,20890,24.28,0.0,3.63,-90,开,2025-08-30 22:05:42
70666000038000,860329065551923,116.5982,0.0001,0.46,20889,24.42,0.0,3.625,-90,开,2025-08-30 22:01:15
70666000038000,860329065551923,116.5972,0.0001,0.46,20888,24.67,0.0,3.621,-90,开,2025-08-30 21:56:53
70666000038000,860329065551923,116.5961,0.0024,0.46,20887,24.7,0.0,3.628,-92,开,2025-08-30 20:47:06
70666000038000,860329065551923,116.5943,0.0,0.46,20886,23.33,0.0,3.634,-90,开,2025-08-30 20:01:45
70666000038000,860329065551923,116.5929,0.0039,0.46,20885,22.78,0.0,3.625,-90,开,2025-08-30 19:55:54
70666000038000,860329065551923,116.5918,0.0038,0.46,20885,23.54,0.0,3.625,-90,开,2025-08-30 19:55:44
70666000038000,860329065551923,116.5886,0.0,0.46,20884,23.26,0.0,3.636,-90,开,2025-08-30 19:47:27
70666000038000,860329065551923,116.5876,0.0001,0.46,20883,23.2,0.0,3.628,-89,开,2025-08-30 19:43:01
70666000038000,860329065551923,116.5866,0.0001,0.46,20882,23.18,0.0,3.627,-90,开,2025-08-30 19:38:49
70666000038000,860329065551923,116.5856,0.0001,0.46,20881,23.07,0.0,3.627,-90,开,2025-08-30 19:34:13
70666000038000,860329065551923,116.5846,0.0001,0.46,20880,22.14,0.0,3.632,-90,开,2025-08-30 19:29:46
70666000038000,860329065551923,116.5835,0.0024,0.46,20879,23.32,0.0,3.628,-91,开,2025-08-30 19:27:45
70666000038000,860329065551923,116.5824,0.004,0.46,20879,23.32,0.0,3.628,-91,开,2025-08-30 19:27:35
70666000038000,860329065551923,116.5812,0.004,0.46,20879,23.32,0.0,3.628,-91,开,2025-08-30 19:27:25
70666000038000,860329065551923,116.5778,0.0001,0.46,20878,23.28,0.0,3.626,-90,开,2025-08-30 19:23:43
70666000038000,860329065551923,116.5768,0.0001,0.46,20877,23.19,0.0,3.632,-91,开,2025-08-30 19:19:12
70666000038000,860329065551923,116.5745,0.0003,0.46,20876,23.94,0.0,3.627,-90,开,2025-08-30 19:17:22
70666000038000,860329065551923,116.5735,0.0039,0.46,20876,23.94,0.0,3.627,-90,开,2025-08-30 19:17:12
70666000038000,860329065551923,116.5724,0.0039,0.46,20876,23.94,0.0,3.627,-90,开,2025-08-30 19:17:02
70666000038000,860329065551923,116.5691,0.0001,0.46,20875,23.96,0.0,3.631,-89,开,2025-08-30 19:15:06
70666000038000,860329065551923,116.5681,0.0001,0.46,20874,24.06,0.0,3.625,-90,开,2025-08-30 19:10:44
70666000038000,860329065551923,116.5671,0.0001,0.46,20873,24.17,0.0,3.625,-89,开,2025-08-30 19:06:20
70666000038000,860329065551923,116.566,0.0,0.46,20872,25.2,0.0,3.636,-91,开,2025-08-30 18:57:30
70666000038000,860329065551923,116.5652,0.0038,0.46,20871,25.15,0.0,3.625,-89,开,2025-08-30 18:56:25
70666000038000,860329065551923,116.5629,0.0,0.46,20870,24.98,0.0,3.63,-89,开,2025-08-30 18:23:14
70666000038000,860329065551923,116.5624,0.0,0.46,20869,25.24,0.0,3.627,-91,开,2025-08-30 18:19:13
70666000038000,860329065551923,116.5613,0.0,0.46,20868,24.6,0.0,3.627,-96,开,2025-08-30 18:15:22
70666000038000,860329065551923,116.5594,0.003,0.46,20867,26.19,0.0,3.63,-90,开,2025-08-30 18:14:05
70666000038000,860329065551923,116.5584,0.003,0.46,20867,26.19,0.0,3.63,-90,开,2025-08-30 18:13:53
70666000038000,860329065551923,116.5582,0.0031,0.46,20867,26.19,0.0,3.63,-90,开,2025-08-30 18:13:51
70666000038000,860329065551923,116.555,0.0,0.46,20866,27.0,0.0,3.632,-91,开,2025-08-30 15:19:46
70666000038000,860329065551923,116.5548,0.0001,0.46,20865,24.27,0.0,3.63,-91,开,2025-08-30 13:46:33
70666000038000,860329065551923,116.553,0.0001,0.46,20864,24.29,0.0,3.63,-92,开,2025-08-30 13:42:32
70666000038000,860329065551923,116.5519,0.0001,0.46,20863,24.36,0.0,3.63,-93,开,2025-08-30 13:38:06
70666000038000,860329065551923,116.5509,0.0001,0.46,20862,24.44,0.0,3.628,-91,开,2025-08-30 13:33:42
70666000038000,860329065551923,116.5499,0.0001,0.46,20861,24.32,0.0,3.628,-91,开,2025-08-30 13:29:20
70666000038000,860329065551923,116.5489,0.0001,0.46,20860,24.76,0.0,3.627,-90,开,2025-08-30 13:25:44
70666000038000,860329065551923,116.5479,0.0001,0.46,20859,24.87,0.0,3.623,-91,开,2025-08-30 13:21:18
70666000038000,860329065551923,116.5469,0.0001,0.46,20858,24.47,0.0,3.631,-91,开,2025-08-30 13:16:52
70666000038000,860329065551923,116.5459,0.0001,0.46,20857,25.36,0.0,3.628,-91,开,2025-08-30 13:12:31
70666000038000,860329065551923,116.5449,0.0001,0.46,20856,25.49,0.0,3.63,-91,开,2025-08-30 13:08:05
70666000038000,860329065551923,116.5439,0.0001,0.46,20855,25.73,0.0,3.631,-91,开,2025-08-30 13:03:41
70666000038000,860329065551923,116.5429,0.0001,0.46,20854,25.92,0.0,3.63,-91,开,2025-08-30 12:59:18
70666000038000,860329065551923,116.5419,0.0001,0.46,20853,26.06,0.0,3.634,-92,开,2025-08-30 12:54:51
70666000038000,860329065551923,116.5409,0.0001,0.46,20852,26.18,0.0,3.626,-91,开,2025-08-30 12:50:30
70666000038000,860329065551923,116.5399,0.0001,0.46,20851,26.38,0.0,3.628,-90,开,2025-08-30 12:46:04
70666000038000,860329065551923,116.5388,0.0001,0.46,20850,26.42,0.0,3.632,-91,开,2025-08-30 12:41:40
70666000038000,860329065551923,116.5379,0.0001,0.46,20849,26.63,0.0,3.627,-97,开,2025-08-30 12:37:18
70666000038000,860329065551923,116.5368,0.0,0.46,20848,26.53,0.0,3.645,-91,开,2025-08-30 10:51:58
70666000038000,860329065551923,116.5357,0.0025,0.46,20847,26.26,0.0,3.625,-98,开,2025-08-30 10:20:16
70666000038000,860329065551923,116.5346,0.0024,0.46,20847,26.26,0.0,3.625,-98,开,2025-08-30 10:20:00
70666000038000,860329065551923,116.5341,0.0022,0.46,20847,26.26,0.0,3.625,-98,开,2025-08-30 10:19:54
70666000038000,860329065551923,116.5323,0.0,0.46,20846,25.63,0.0,3.628,-88,开,2025-08-30 09:30:04
70666000038000,860329065551923,116.5255,0.0,0.46,20845,26.44,0.0,3.628,-87,开,2025-08-30 08:37:45
70666000038000,860329065551923,116.524,0.0039,0.46,20844,27.35,0.0,3.63,-88,开,2025-08-30 08:11:26
70666000038000,860329065551923,116.5232,0.0039,0.46,20844,27.35,0.0,3.63,-88,开,2025-08-30 08:11:17
70666000038000,860329065551923,116.5199,0.0,0.46,20843,25.93,0.0,3.632,-90,开,2025-08-30 03:31:25
70666000038000,860329065551923,116.5188,0.0001,0.46,20842,25.93,0.0,3.627,-90,开,2025-08-30 03:26:52
70666000038000,860329065551923,116.5178,0.0,0.46,20841,25.95,0.0,3.628,-96,开,2025-08-30 03:22:06
70666000038000,860329065551923,116.5158,0.0,0.46,20839,25.96,0.0,3.63,-90,开,2025-08-30 03:12:23
70666000038000,860329065551923,116.5148,0.0,0.46,20838,25.91,0.0,3.626,-90,开,2025-08-30 03:07:36
70666000038000,860329065551923,116.5138,0.0,0.46,20837,25.89,0.0,3.627,-90,开,2025-08-30 03:02:13
70666000038000,860329065551923,116.5128,0.0,0.46,20836,25.92,0.0,3.63,-90,开,2025-08-30 02:57:47
70666000038000,860329065551923,116.5118,0.0,0.46,20835,25.94,0.0,3.623,-90,开,2025-08-30 02:52:40
70666000038000,860329065551923,116.5108,0.0,0.46,20834,25.95,0.0,3.628,-96,开,2025-08-30 02:47:59
70666000038000,860329065551923,116.5098,0.0,0.46,20833,25.99,0.0,3.628,-90,开,2025-08-30 02:43:15
70666000038000,860329065551923,116.5088,0.0001,0.46,20832,26.05,0.0,3.627,-89,开,2025-08-30 02:38:51
70666000038000,860329065551923,116.5078,0.0,0.46,20831,26.11,0.0,3.622,-90,开,2025-08-30 02:34:18
70666000038000,860329065551923,116.5068,0.0,0.46,20830,26.11,0.0,3.626,-90,开,2025-08-30 02:29:17
70666000038000,860329065551923,116.5057,0.0,0.46,20829,26.14,0.0,3.63,-90,开,2025-08-30 02:24:35
70666000038000,860329065551923,116.5047,0.0,0.46,20828,26.17,0.0,3.626,-90,开,2025-08-30 02:20:04
70666000038000,860329065551923,116.5037,0.0,0.46,20827,26.19,0.0,3.63,-90,开,2025-08-30 02:15:11
70666000038000,860329065551923,116.5027,0.0,0.46,20826,26.23,0.0,3.628,-90,开,2025-08-30 02:10:50
70666000038000,860329065551923,116.5019,0.0,0.46,20825,26.27,0.0,3.63,-90,开,2025-08-30 02:06:50
70666000038000,860329065551923,116.5007,0.0,0.46,20824,26.39,0.0,3.628,-90,开,2025-08-30 02:01:48
70666000038000,860329065551923,116.4997,0.0,0.46,20823,26.55,0.0,3.628,-89,开,2025-08-30 01:57:26
70666000038000,860329065551923,116.4987,0.0,0.46,20822,26.53,0.0,3.625,-90,开,2025-08-30 01:53:01
70666000038000,860329065551923,116.4976,0.0,0.46,20821,25.46,0.0,3.63,-87,开,2025-08-29 22:36:00
70666000038000,860329065551923,116.4966,0.011,0.46,20820,22.06,0.0,3.644,-90,开,2025-08-29 20:47:09
70666000038000,860329065551923,116.4955,0.0165,0.46,20820,22.06,0.0,3.644,-90,开,2025-08-29 20:47:07
70666000038000,860329065551923,116.4955,0.0165,0.46,20820,22.06,0.0,3.644,-90,开,2025-08-29 20:47:06
70666000038000,860329065551923,116.4943,0.0201,0.46,20820,22.06,0.0,3.644,-90,开,2025-08-29 20:47:05
70666000038000,860329065551923,116.4819,0.0202,0.46,20819,22.06,0.0,3.63,-90,开,2025-08-29 20:46:43
70666000038000,860329065551923,116.4808,0.0203,0.46,20819,22.06,0.0,3.63,-90,开,2025-08-29 20:46:41
70666000038000,860329065551923,116.4797,0.0204,0.46,20819,23.95,0.0,3.63,-90,开,2025-08-29 20:46:39
70666000038000,860329065551923,116.4786,0.0202,0.46,20819,23.95,0.0,3.63,-90,开,2025-08-29 20:46:37
70666000038000,860329065551923,116.4774,0.0201,0.46,20819,23.95,0.0,3.63,-90,开,2025-08-29 20:46:35
70666000038000,860329065551923,116.4763,0.02,0.46,20819,23.95,0.0,3.63,-90,开,2025-08-29 20:46:33
70666000038000,860329065551923,116.4752,0.0202,0.46,20819,23.95,0.0,3.63,-90,开,2025-08-29 20:46:31
70666000038000,860329065551923,116.4741,0.0203,0.46,20819,23.95,0.0,3.63,-90,开,2025-08-29 20:46:29
70666000038000,860329065551923,116.4729,0.0204,0.46,20819,23.95,0.0,3.63,-90,开,2025-08-29 20:46:27
70666000038000,860329065551923,116.4718,0.0203,0.46,20819,23.95,0.0,3.63,-90,开,2025-08-29 20:46:25
70666000038000,860329065551923,116.4707,0.0202,0.46,20819,23.95,0.0,3.63,-90,开,2025-08-29 20:46:23
70666000038000,860329065551923,116.4695,0.0201,0.46,20819,23.95,0.0,3.63,-90,开,2025-08-29 20:46:21
70666000038000,860329065551923,116.4684,0.0202,0.46,20819,23.95,0.0,3.63,-90,开,2025-08-29 20:46:19
70666000038000,860329065551923,116.4673,0.0203,0.46,20819,23.95,0.0,3.63,-90,开,2025-08-29 20:46:17
70666000038000,860329065551923,116.4661,0.0205,0.46,20819,23.95,0.0,3.63,-90,开,2025-08-29 20:46:15
70666000038000,860329065551923,116.4661,0.0205,0.46,20819,23.95,0.0,3.63,-90,开,2025-08-29 20:46:14
70666000038000,860329065551923,116.4577,0.0,0.46,20818,24.02,0.0,3.636,-90,开,2025-08-29 20:40:40
70666000038000,860329065551923,116.4577,0.0104,0.46,20818,24.97,0.0,3.636,-90,开,2025-08-29 20:40:39
70666000038000,860329065551923,116.4508,0.0038,0.46,20817,24.57,0.0,3.628,-91,开,2025-08-29 20:03:51
70666000038000,860329065551923,116.4498,0.0039,0.46,20817,24.57,0.0,3.628,-91,开,2025-08-29 20:03:41
70666000038000,860329065551923,116.4487,0.0038,0.46,20817,24.55,0.0,3.628,-91,开,2025-08-29 20:03:31
70666000038000,860329065551923,116.4487,0.0038,0.46,20817,24.55,0.0,3.628,-91,开,2025-08-29 20:03:30
70666000038000,860329065551923,116.4454,0.0001,0.46,20816,22.7,0.0,3.627,-88,开,2025-08-29 13:00:30
70666000038000,860329065551923,116.4444,0.0001,0.46,20815,22.69,0.0,3.627,-87,开,2025-08-29 12:56:05
70666000038000,860329065551923,116.4434,0.0001,0.46,20814,22.5,0.0,3.628,-87,开,2025-08-29 12:51:41
70666000038000,860329065551923,116.443,0.0001,0.46,20813,22.96,0.0,3.627,-88,开,2025-08-29 12:49:50
70666000038000,860329065551923,116.4401,0.0001,0.46,20812,22.9,0.0,3.63,-88,开,2025-08-29 12:47:59
70666000038000,860329065551923,116.4393,0.0001,0.46,20811,22.44,0.0,3.628,-88,开,2025-08-29 12:44:21
70666000038000,860329065551923,116.4385,0.0001,0.46,20810,23.15,0.0,3.63,-89,开,2025-08-29 12:43:03
70666000038000,860329065551923,116.437,0.0001,0.46,20809,23.16,0.0,3.636,-88,开,2025-08-29 12:40:09
70666000038000,860329065551923,116.436,0.0001,0.46,20808,23.1,0.0,3.627,-88,开,2025-08-29 12:35:44
70666000038000,860329065551923,116.435,0.0001,0.46,20807,23.51,0.0,3.63,-88,开,2025-08-29 12:31:18
70666000038000,860329065551923,116.4346,0.0016,0.46,20806,24.77,0.0,3.63,-89,开,2025-08-29 11:49:10
70666000038000,860329065551923,116.4335,0.0,0.46,20805,22.85,0.0,3.628,-87,开,2025-08-29 09:15:03
70666000038000,860329065551923,116.4318,0.0063,0.46,20804,23.25,0.0,3.63,-89,开,2025-08-29 09:05:23
70666000038000,860329065551923,116.4311,0.0023,0.46,20804,23.25,0.0,3.63,-89,开,2025-08-29 09:05:08
70666000038000,860329065551923,116.4285,0.0,0.46,20803,24.26,0.0,3.625,-89,开,2025-08-29 08:30:34
70666000038000,860329065551923,116.4272,0.0075,0.46,20802,24.26,0.0,3.627,-91,开,2025-08-29 08:30:07
70666000038000,860329065551923,116.426,0.0073,0.46,20802,24.26,0.0,3.627,-91,开,2025-08-29 08:30:01
70666000038000,860329065551923,116.4247,0.0078,0.46,20802,24.26,0.0,3.627,-91,开,2025-08-29 08:29:55
70666000038000,860329065551923,116.4235,0.0072,0.46,20802,24.26,0.0,3.627,-91,开,2025-08-29 08:29:49
70666000038000,860329065551923,116.4227,0.0073,0.46,20802,24.26,0.0,3.627,-91,开,2025-08-29 08:29:44
70666000038000,860329065551923,116.418,0.0034,0.46,20801,24.33,0.0,3.626,-106,开,2025-08-29 08:20:02
70666000038000,860329065551923,116.4053,0.0,0.46,20800,25.81,0.0,3.644,-91,开,2025-08-29 08:12:04
70666000038000,860329065551923,116.4042,0.0,0.46,20799,21.43,0.0,3.627,-90,开,2025-08-28 21:43:04
70666000038000,860329065551923,116.3988,0.0023,0.46,20798,22.89,0.0,3.626,-90,开,2025-08-28 21:29:51
70666000038000,860329065551923,116.3966,0.0001,0.46,20797,22.08,0.0,3.628,-88,开,2025-08-28 20:14:49
70666000038000,860329065551923,116.3956,0.0001,0.46,20796,21.77,0.0,3.63,-88,开,2025-08-28 20:10:23
70666000038000,860329065551923,116.3946,0.0001,0.46,20795,21.93,0.0,3.626,-88,开,2025-08-28 20:07:21
70666000038000,860329065551923,116.3936,0.0001,0.46,20794,21.83,0.0,3.63,-89,开,2025-08-28 20:02:58
70666000038000,860329065551923,116.3926,0.0001,0.46,20793,21.72,0.0,3.627,-88,开,2025-08-28 19:58:32
70666000038000,860329065551923,116.3916,0.0001,0.46,20792,21.64,0.0,3.628,-88,开,2025-08-28 19:54:10
70666000038000,860329065551923,116.3906,0.0001,0.46,20791,21.56,0.0,3.626,-88,开,2025-08-28 19:49:44
70666000038000,860329065551923,116.3896,0.0001,0.46,20790,21.4,0.0,3.623,-88,开,2025-08-28 19:45:20
70666000038000,860329065551923,116.3886,0.0001,0.46,20789,20.74,0.0,3.625,-91,开,2025-08-28 19:40:57
70666000038000,860329065551923,116.3875,0.0033,0.46,20788,21.0,0.0,3.623,-90,开,2025-08-28 19:39:26
70666000038000,860329065551923,116.3864,0.0016,0.46,20788,21.0,0.0,3.623,-90,开,2025-08-28 19:39:10
70666000038000,860329065551923,116.3853,0.002,0.46,20788,21.0,0.0,3.623,-90,开,2025-08-28 19:38:54
70666000038000,860329065551923,116.3846,0.004,0.46,20788,21.0,0.0,3.623,-90,开,2025-08-28 19:38:44
70666000038000,860329065551923,116.3832,0.0001,0.46,20787,21.52,0.0,3.627,-88,开,2025-08-28 19:36:25
70666000038000,860329065551923,116.3824,0.0001,0.46,20786,21.95,0.0,3.628,-88,开,2025-08-28 19:33:06
70666000038000,860329065551923,116.3736,0.0001,0.46,20785,21.87,0.0,3.628,-90,开,2025-08-28 19:29:26
70666000038000,860329065551923,116.3728,0.0001,0.46,20784,21.88,0.0,3.63,-90,开,2025-08-28 19:25:46
70666000038000,860329065551923,116.3716,0.0001,0.46,20783,21.92,0.0,3.623,-89,开,2025-08-28 19:21:25
70666000038000,860329065551923,116.3706,0.0001,0.46,20782,21.89,0.0,3.623,-89,开,2025-08-28 19:16:59
70666000038000,860329065551923,116.3696,0.0001,0.46,20781,21.95,0.0,3.623,-88,开,2025-08-28 19:12:34
70666000038000,860329065551923,116.3686,0.0001,0.46,20780,21.94,0.0,3.626,-89,开,2025-08-28 19:10:40
70666000038000,860329065551923,116.3676,0.0001,0.46,20779,21.93,0.0,3.627,-89,开,2025-08-28 19:06:13
70666000038000,860329065551923,116.3666,0.0001,0.46,20778,21.27,0.0,3.636,-89,开,2025-08-28 19:01:48
70666000038000,860329065551923,116.3662,0.0001,0.46,20777,22.47,0.0,3.628,-96,开,2025-08-28 19:00:16
70666000038000,860329065551923,116.3577,0.0001,0.46,20776,22.74,0.0,3.65,-91,开,2025-08-28 18:56:05
70666000038000,860329065551923,116.3567,0.0001,0.46,20775,22.84,0.0,3.627,-88,开,2025-08-28 18:51:38
70666000038000,860329065551923,116.3557,0.0001,0.46,20774,23.19,0.0,3.63,-88,开,2025-08-28 18:47:12
70666000038000,860329065551923,116.3547,0.0001,0.46,20773,23.38,0.0,3.628,-89,开,2025-08-28 18:42:56
70666000038000,860329065551923,116.3536,0.0,0.46,20772,24.79,0.0,3.628,-104,开,2025-08-28 18:19:48
70666000038000,860329065551923,116.3529,0.0,0.46,20771,26.53,0.0,3.626,-91,开,2025-08-28 16:57:43
70666000038000,860329065551923,116.3515,0.0024,0.46,20770,22.31,0.0,3.625,-93,开,2025-08-28 12:43:46
70666000038000,860329065551923,116.3499,0.0049,0.46,20770,22.31,0.0,3.625,-93,开,2025-08-28 12:43:42
70666000038000,860329065551923,116.3488,0.0112,0.46,20770,22.31,0.0,3.625,-93,开,2025-08-28 12:43:40
70666000038000,860329065551923,116.3478,0.0162,0.46,20770,22.31,0.0,3.625,-93,开,2025-08-28 12:43:38
70666000038000,860329065551923,116.3467,0.0193,0.46,20770,22.31,0.0,3.625,-93,开,2025-08-28 12:43:36
70666000038000,860329065551923,116.3456,0.0194,0.46,20770,22.31,0.0,3.625,-93,开,2025-08-28 12:43:34
70666000038000,860329065551923,116.3445,0.0195,0.46,20770,22.27,0.0,3.625,-93,开,2025-08-28 12:43:32
70666000038000,860329065551923,116.3435,0.0195,0.46,20770,22.27,0.0,3.625,-93,开,2025-08-28 12:43:30
70666000038000,860329065551923,116.3424,0.0194,0.46,20770,22.27,0.0,3.625,-93,开,2025-08-28 12:43:28
70666000038000,860329065551923,116.3413,0.0194,0.46,20770,22.27,0.0,3.625,-93,开,2025-08-28 12:43:26
70666000038000,860329065551923,116.3413,0.0194,0.46,20770,22.27,0.0,3.625,-93,开,2025-08-28 12:43:25
70666000038000,860329065551923,116.3352,0.0,0.46,20769,22.79,0.0,3.627,-87,开,2025-08-28 11:09:48
70666000038000,860329065551923,116.334,0.0,0.46,20768,22.33,0.0,3.626,-89,开,2025-08-28 10:08:42
70666000038000,860329065551923,116.333,0.004,0.46,20767,21.23,0.0,3.627,-101,开,2025-08-28 09:19:33
70666000038000,860329065551923,116.3323,0.0064,0.46,20767,21.31,0.0,3.627,-101,开,2025-08-28 09:19:28
70666000038000,860329065551923,116.3287,0.0064,0.45,20766,22.75,0.0,3.626,-87,开,2025-08-28 08:59:01
70666000038000,860329065551923,116.328,0.0064,0.45,20766,22.75,0.0,3.626,-87,开,2025-08-28 08:58:56
70666000038000,860329065551923,116.3276,0.0064,0.45,20766,22.75,0.0,3.626,-87,开,2025-08-28 08:58:55
70666000038000,860329065551923,116.3232,0.0035,0.45,20765,23.09,0.0,3.627,-86,开,2025-08-28 08:45:21
70666000038000,860329065551923,116.3202,0.0,0.45,20764,23.36,0.0,3.626,-85,开,2025-08-28 08:13:15
70666000038000,860329065551923,116.3187,0.0055,0.45,20763,24.68,0.0,3.627,-86,开,2025-08-28 06:11:45
70666000038000,860329065551923,116.3176,0.0066,0.45,20763,24.68,0.0,3.627,-86,开,2025-08-28 06:11:39
70666000038000,860329065551923,116.3165,0.0065,0.45,20763,24.68,0.0,3.627,-86,开,2025-08-28 06:11:33
70666000038000,860329065551923,116.3162,0.0065,0.45,20763,24.67,0.0,3.627,-86,开,2025-08-28 06:11:30
70666000038000,860329065551923,116.3121,0.0,0.45,20762,23.48,0.0,3.631,-87,开,2025-08-28 02:42:39
70666000038000,860329065551923,116.3109,0.0,0.45,20761,22.4,0.0,3.627,-86,开,2025-08-28 01:20:13
70666000038000,860329065551923,116.31,0.0005,0.45,20760,22.88,0.0,3.627,-87,开,2025-08-28 01:16:57
70666000038000,860329065551923,116.3098,0.0009,0.45,20760,22.88,0.0,3.627,-87,开,2025-08-28 01:16:56
70666000038000,860329065551923,116.2997,0.0,0.45,20759,22.82,0.0,3.639,-87,开,2025-08-28 01:14:42
70666000038000,860329065551923,116.2987,0.0,0.45,20758,22.68,0.0,3.626,-87,开,2025-08-28 01:10:22
70666000038000,860329065551923,116.2977,0.0,0.45,20757,22.58,0.0,3.622,-86,开,2025-08-28 01:05:54
70666000038000,860329065551923,116.2966,0.0,0.45,20756,22.47,0.0,3.625,-86,开,2025-08-28 01:01:19
70666000038000,860329065551923,116.2956,0.0,0.45,20755,22.4,0.0,3.626,-86,开,2025-08-28 00:56:56
70666000038000,860329065551923,116.2946,0.0,0.45,20754,22.35,0.0,3.623,-85,开,2025-08-28 00:52:31
70666000038000,860329065551923,116.2936,0.0001,0.45,20753,22.34,0.0,3.623,-86,开,2025-08-28 00:47:54
70666000038000,860329065551923,116.2926,0.0001,0.45,20752,22.42,0.0,3.623,-86,开,2025-08-28 00:43:33
70666000038000,860329065551923,116.2916,0.0001,0.45,20751,22.33,0.0,3.626,-86,开,2025-08-28 00:39:08
70666000038000,860329065551923,116.2906,0.0001,0.45,20750,22.26,0.0,3.627,-86,开,2025-08-28 00:34:41
70666000038000,860329065551923,116.2896,0.0001,0.45,20749,22.15,0.0,3.622,-86,开,2025-08-28 00:30:20
70666000038000,860329065551923,116.2886,0.0001,0.45,20748,22.08,0.0,3.627,-86,开,2025-08-28 00:25:54
70666000038000,860329065551923,116.2876,0.0001,0.45,20747,22.02,0.0,3.622,-87,开,2025-08-28 00:21:31
70666000038000,860329065551923,116.2866,0.0001,0.45,20746,21.94,0.0,3.625,-86,开,2025-08-28 00:17:05
70666000038000,860329065551923,116.2856,0.0001,0.45,20745,21.87,0.0,3.62,-86,开,2025-08-28 00:12:41
70666000038000,860329065551923,116.2846,0.0001,0.45,20744,21.83,0.0,3.626,-86,开,2025-08-28 00:08:18
70666000038000,860329065551923,116.2836,0.0001,0.45,20743,21.81,0.0,3.621,-86,开,2025-08-28 00:03:54
70666000038000,860329065551923,116.2825,0.0001,0.45,20742,21.88,0.0,3.632,-87,开,2025-08-27 23:59:25
70666000038000,860329065551923,116.2816,0.0001,0.45,20741,21.92,0.0,3.626,-86,开,2025-08-27 23:55:03
70666000038000,860329065551923,116.2805,0.0001,0.45,20740,22.0,0.0,3.627,-87,开,2025-08-27 23:50:39
70666000038000,860329065551923,116.2795,0.0001,0.45,20739,22.07,0.0,3.627,-87,开,2025-08-27 23:46:14
70666000038000,860329065551923,116.2787,0.0,0.45,20738,23.72,0.0,3.625,-87,开,2025-08-27 23:11:27
70666000038000,860329065551923,116.2763,0.0039,0.45,20737,24.07,0.0,3.623,-89,开,2025-08-27 23:10:27
70666000038000,860329065551923,116.2731,0.0,0.45,20736,22.85,0.0,3.621,-87,开,2025-08-27 20:55:59
70666000038000,860329065551923,116.2721,0.0001,0.45,20735,21.93,0.0,3.626,-86,开,2025-08-27 20:15:01
70666000038000,860329065551923,116.2711,0.0001,0.45,20734,21.87,0.0,3.621,-87,开,2025-08-27 20:10:35
70666000038000,860329065551923,116.2701,0.0001,0.45,20733,21.68,0.0,3.626,-86,开,2025-08-27 20:06:13
70666000038000,860329065551923,116.269,0.001,0.45,20732,21.65,0.0,3.627,-87,开,2025-08-27 20:02:43
70666000038000,860329065551923,116.2681,0.0034,0.45,20732,21.65,0.0,3.627,-87,开,2025-08-27 20:02:27
70666000038000,860329065551923,116.2659,0.0001,0.45,20731,21.79,0.0,3.627,-86,开,2025-08-27 20:00:14
70666000038000,860329065551923,116.2649,0.0001,0.45,20730,21.76,0.0,3.628,-86,开,2025-08-27 19:55:48
70666000038000,860329065551923,116.2639,0.0001,0.45,20729,21.65,0.0,3.637,-86,开,2025-08-27 19:51:24
70666000038000,860329065551923,116.2629,0.0001,0.45,20728,21.47,0.0,3.623,-86,开,2025-08-27 19:47:04
70666000038000,860329065551923,116.2622,0.0001,0.45,20727,21.34,0.0,3.622,-87,开,2025-08-27 19:44:01
70666000038000,860329065551923,116.2596,0.0016,0.45,20726,21.34,0.0,3.625,-86,开,2025-08-27 19:43:24
70666000038000,860329065551923,116.2588,0.001,0.45,20726,21.71,0.0,3.625,-86,开,2025-08-27 19:43:05
70666000038000,860329065551923,116.2553,0.0001,0.45,20725,21.79,0.0,3.627,-91,开,2025-08-27 19:39:31
70666000038000,860329065551923,116.2546,0.0001,0.45,20724,22.24,0.0,3.627,-87,开,2025-08-27 19:36:10
70666000038000,860329065551923,116.2463,0.0001,0.45,20723,22.24,0.0,3.625,-87,开,2025-08-27 19:34:54
70666000038000,860329065551923,116.2453,0.0001,0.45,20722,22.31,0.0,3.632,-88,开,2025-08-27 19:30:32
70666000038000,860329065551923,116.2443,0.0001,0.45,20721,22.66,0.0,3.628,-88,开,2025-08-27 19:26:17
70666000038000,860329065551923,116.2441,0.0001,0.45,20720,22.69,0.0,3.623,-88,开,2025-08-27 19:25:16
70666000038000,860329065551923,116.2422,0.0001,0.45,20719,22.77,0.0,3.627,-86,开,2025-08-27 19:21:29
70666000038000,860329065551923,116.2412,0.0001,0.45,20718,22.87,0.0,3.622,-86,开,2025-08-27 19:17:04
70666000038000,860329065551923,116.2402,0.0001,0.45,20717,22.98,0.0,3.621,-87,开,2025-08-27 19:12:38
70666000038000,860329065551923,116.2392,0.0001,0.45,20716,23.18,0.0,3.621,-86,开,2025-08-27 19:08:17
70666000038000,860329065551923,116.2383,0.0001,0.45,20715,23.58,0.0,3.626,-87,开,2025-08-27 19:04:27
70666000038000,860329065551923,116.2371,0.0001,0.45,20714,23.74,0.0,3.626,-87,开,2025-08-27 19:02:54
70666000038000,860329065551923,116.2361,0.0,0.45,20713,24.86,0.0,3.626,-86,开,2025-08-27 18:50:53
70666000038000,860329065551923,116.235,0.0001,0.45,20712,22.96,0.0,3.63,-87,开,2025-08-27 13:40:19
70666000038000,860329065551923,116.234,0.0001,0.45,20711,22.9,0.0,3.63,-87,开,2025-08-27 13:35:53
70666000038000,860329065551923,116.233,0.0001,0.45,20710,22.85,0.0,3.631,-87,开,2025-08-27 13:31:32
70666000038000,860329065551923,116.232,0.0001,0.45,20709,22.81,0.0,3.633,-87,开,2025-08-27 13:27:06
70666000038000,860329065551923,116.231,0.0001,0.45,20708,22.44,0.0,3.627,-86,开,2025-08-27 13:22:42
70666000038000,860329065551923,116.2299,0.0023,0.45,20707,23.12,0.0,3.627,-87,开,2025-08-27 13:20:34
70666000038000,860329065551923,116.2288,0.004,0.45,20707,23.12,0.0,3.627,-87,开,2025-08-27 13:20:24
70666000038000,860329065551923,116.2278,0.004,0.45,20707,23.13,0.0,3.627,-87,开,2025-08-27 13:20:15
70666000038000,860329065551923,116.2276,0.0041,0.45,20707,23.13,0.0,3.627,-87,开,2025-08-27 13:20:14
70666000038000,860329065551923,116.2227,0.0001,0.45,20706,23.14,0.0,3.627,-88,开,2025-08-27 13:16:23
70666000038000,860329065551923,116.2217,0.0001,0.45,20705,22.66,0.0,3.631,-87,开,2025-08-27 13:12:01
70666000038000,860329065551923,116.2206,0.0001,0.45,20704,20.63,0.0,3.633,-90,开,2025-08-27 13:08:31
70666000038000,860329065551923,116.2195,0.0037,0.45,20704,20.63,0.0,3.633,-90,开,2025-08-27 13:08:27
70666000038000,860329065551923,116.2178,0.0113,0.45,20704,20.63,0.0,3.633,-90,开,2025-08-27 13:08:23
70666000038000,860329065551923,116.216,0.0,0.45,20704,24.8,0.0,3.633,-90,开,2025-08-27 13:08:11
70666000038000,860329065551923,116.2138,0.0198,0.45,20703,24.8,0.0,3.626,-91,开,2025-08-27 13:07:49
70666000038000,860329065551923,116.2127,0.0198,0.45,20703,24.8,0.0,3.626,-91,开,2025-08-27 13:07:47
70666000038000,860329065551923,116.2116,0.0198,0.45,20703,24.8,0.0,3.626,-91,开,2025-08-27 13:07:45
70666000038000,860329065551923,116.2105,0.0198,0.45,20703,24.8,0.0,3.626,-91,开,2025-08-27 13:07:43
70666000038000,860329065551923,116.2094,0.0198,0.45,20703,24.8,0.0,3.626,-91,开,2025-08-27 13:07:41
70666000038000,860329065551923,116.2083,0.0198,0.45,20703,24.8,0.0,3.626,-91,开,2025-08-27 13:07:39
70666000038000,860329065551923,116.2072,0.0198,0.45,20703,24.8,0.0,3.626,-91,开,2025-08-27 13:07:37
70666000038000,860329065551923,116.2061,0.0199,0.45,20703,24.8,0.0,3.626,-91,开,2025-08-27 13:07:35
70666000038000,860329065551923,116.205,0.02,0.45,20703,24.8,0.0,3.626,-91,开,2025-08-27 13:07:33
70666000038000,860329065551923,116.204,0.0201,0.45,20703,24.8,0.0,3.626,-91,开,2025-08-27 13:07:31
70666000038000,860329065551923,116.203,0.0186,0.45,20703,24.8,0.0,3.626,-91,开,2025-08-27 13:07:29
70666000038000,860329065551923,116.2019,0.0161,0.45,20703,24.8,0.0,3.626,-91,开,2025-08-27 13:07:27
70666000038000,860329065551923,116.2008,0.0153,0.45,20703,24.8,0.0,3.626,-91,开,2025-08-27 13:07:25
70666000038000,860329065551923,116.1997,0.0167,0.45,20703,24.8,0.0,3.626,-91,开,2025-08-27 13:07:23
70666000038000,860329065551923,116.1986,0.0192,0.45,20703,24.8,0.0,3.626,-91,开,2025-08-27 13:07:20
70666000038000,860329065551923,116.1876,0.0,0.45,20702,23.56,0.0,3.63,-89,开,2025-08-27 09:34:30
70666000038000,860329065551923,116.1866,0.0043,0.45,20701,22.05,0.0,3.636,-98,开,2025-08-27 08:58:30
70666000038000,860329065551923,116.1855,0.0036,0.45,20701,22.05,0.0,3.636,-98,开,2025-08-27 08:58:20
70666000038000,860329065551923,116.1853,0.0042,0.45,20701,21.55,0.0,3.636,-98,开,2025-08-27 08:58:18
70666000038000,860329065551923,116.1818,0.0,0.45,20700,23.84,0.0,3.631,-88,开,2025-08-27 08:48:41
70666000038000,860329065551923,116.1813,0.0,0.45,20699,23.35,0.0,3.626,-87,开,2025-08-27 08:31:41
70666000038000,860329065551923,116.1785,0.0049,0.45,20698,24.06,0.0,3.626,-92,开,2025-08-27 08:31:12
70666000038000,860329065551923,116.1772,0.0076,0.45,20698,24.06,0.0,3.626,-92,开,2025-08-27 08:31:06
70666000038000,860329065551923,116.176,0.0057,0.45,20698,24.06,0.0,3.626,-92,开,2025-08-27 08:30:58
70666000038000,860329065551923,116.1749,0.0049,0.45,20698,24.06,0.0,3.626,-92,开,2025-08-27 08:30:50
70666000038000,860329065551923,116.1743,0.0049,0.45,20698,24.06,0.0,3.626,-92,开,2025-08-27 08:30:45
70666000038000,860329065551923,116.1705,0.0,0.45,20697,25.62,0.0,3.627,-86,开,2025-08-27 08:11:32
70666000038000,860329065551923,116.1663,0.0,0.45,20696,24.09,0.0,3.631,-86,开,2025-08-27 00:49:37
70666000038000,860329065551923,116.1653,0.0,0.45,20695,23.88,0.0,3.626,-86,开,2025-08-27 00:40:13
70666000038000,860329065551923,116.1649,0.0001,0.45,20694,24.36,0.0,3.628,-86,开,2025-08-27 00:38:10
70666000038000,860329065551923,116.1632,0.0,0.45,20693,24.31,0.0,3.625,-86,开,2025-08-27 00:34:21
70666000038000,860329065551923,116.1622,0.0,0.45,20692,24.24,0.0,3.625,-86,开,2025-08-27 00:29:28
70666000038000,860329065551923,116.1611,0.0,0.45,20691,23.87,0.0,3.626,-87,开,2025-08-27 00:24:11
70666000038000,860329065551923,116.1601,0.0,0.45,20690,24.25,0.0,3.63,-86,开,2025-08-27 00:19:30
70666000038000,860329065551923,116.1591,0.0,0.45,20689,24.2,0.0,3.631,-86,开,2025-08-27 00:15:04
70666000038000,860329065551923,116.1581,0.0,0.45,20688,24.08,0.0,3.627,-86,开,2025-08-27 00:10:42
70666000038000,860329065551923,116.1571,0.0,0.45,20687,24.21,0.0,3.626,-90,开,2025-08-27 00:06:19
70666000038000,860329065551923,116.1561,0.0,0.45,20686,24.05,0.0,3.638,-86,开,2025-08-27 00:01:24
